_id,acousticness,danceability,energy,id,instrumentalness,key,liveness,loudness,mode,speechiness,tempo,type,valence
61b1eeb32dde1bd4a713025b,0.000837,0.673,0.637,0XVoD3TmJVEYdRzZoe0Ewy,0.846,11,0.16,-8.022,0,0.28,110.01,audio_features,0.592
61b1eeb32dde1bd4a713025c,0.0413,0.431,0.962,70uQzsAyJ1vmloywhrO0ss,0.000211,4,0.124,-7.216,1,0.182,179.683,audio_features,0.75
61b1eeb32dde1bd4a713025d,0.246,0.846,0.364,3WmgMoWZ1E5yNyn2aUzWAr,0.011,1,0.0902,-7.328,1,0.0602,79.927,audio_features,0.682
61b1eeb32dde1bd4a713025e,0.179,0.701,0.692,69Tf2qK9sYOi1ncnXrfIUV,0.0101,0,0.0994,-7.527,1,0.0374,114.987,audio_features,0.56
61b1eeb32dde1bd4a713025f,0.931,0.814,0.484,2zmo93xTzKTP0lztR9iy9H,0.0000535,6,0.117,-10.962,1,0.299,116.024,audio_features,0.658
61b1eeb32dde1bd4a7130260,0.00181,0.174,0.742,2enPRFda84VE2wtI8c86Uf,0.281,8,0.198,-5.93,1,0.0485,163.378,audio_features,0.36
61b1eeb32dde1bd4a7130261,0.542,0.404,0.664,1NZs6n6hl8UuMaX0UC0YTz,0.00402,1,0.11,-6.698,1,0.0407,107.747,audio_features,0.0949
61b1eeb32dde1bd4a7130262,0.00161,0.614,0.937,7bCfHiRcfUjG0YVVNUL7Ve,0.00136,1,0.103,-7.443,1,0.115,84.98,audio_features,0.386
61b1eeb32dde1bd4a7130263,0.566,0.674,0.537,2SpEHTbUuebeLkgs9QB7Ue,0,1,0.131,-10.971,0,0.0363,110.578,audio_features,0.809
61b1eeb32dde1bd4a7130264,0.00301,0.471,0.924,2iUmqdfGZcHIhS3b9E9EWq,0,8,0.313,-3.906,1,0.0586,154.961,audio_features,0.725
61b1eeb32dde1bd4a7130265,0.0392,0.67,0.843,6kcHg7XL6SKyPNd78daRBL,0,1,0.225,-4.311,1,0.0454,117.01,audio_features,0.713
61b1eeb32dde1bd4a7130266,0.0142,0.69,0.897,2Ow4Pmi0VOOLvbmJ8V70qo,0,11,0.108,-4.696,0,0.0506,140.05,audio_features,0.849
61b1eeb32dde1bd4a7130267,0.223,0.815,0.518,1tNJrcVe6gwLEiZCtprs1u,0,7,0.104,-6.594,0,0.0897,151.891,audio_features,0.877
61b1eeb32dde1bd4a7130268,0.00981,0.629,0.692,527k23H0A4Q0UJN3vGs0Da,0.331,5,0.603,-8.045,1,0.0376,162.948,audio_features,0.453
61b1eeb32dde1bd4a7130269,0.00947,0.598,0.888,4djIFfof5TpbSGRZUpsTXq,0,4,0.347,-5.119,1,0.0807,103.966,audio_features,0.482
61b1eeb32dde1bd4a713026a,0.0202,0.579,0.558,2LdG9xtEzCho3jCr58M6cq,0.00000126,2,0.212,-6.986,1,0.0895,179.949,audio_features,0.506
61b1eeb32dde1bd4a713026b,0.000219,0.495,0.856,6IbnUaczZBT34DhaD6S18F,0,0,0.103,-5.123,0,0.0311,158.024,audio_features,0.609
61b1eeb32dde1bd4a713026c,0.0371,0.764,0.705,0y60itmpH0aPKsFiGxmtnh,0.0000194,3,0.0943,-5.279,0,0.0278,101.003,audio_features,0.672
61b1eeb32dde1bd4a713026d,0.107,0.736,0.669,1xNknVNOolLB4oQeEtNBX2,0,1,0.224,-8.305,1,0.136,86.531,audio_features,0.797
61b1eeb32dde1bd4a713026e,0.0398,0.655,0.668,4gZDCOFuLCxCRWNhSEcOtJ,0.0302,0,0.0759,-6.733,1,0.0272,93.003,audio_features,0.867
61b1eeb32dde1bd4a713026f,0.658,0.979,0.41,7CCCX50zGHMTuHsyKQy03l,0.0000342,8,0.205,-11.056,0,0.112,119.971,audio_features,0.74
61b1eeb32dde1bd4a7130270,0.0884,0.66,0.689,4sOX1nhpKwFWPvoMMExi3q,0,4,0.0922,-2.671,0,0.0337,127.98,audio_features,0.427
61b1eeb32dde1bd4a7130271,0.00064,0.375,0.93,33SNO8AaciGbNaQFkxvPrW,0,2,0.318,-2.631,1,0.0561,147.124,audio_features,0.491
61b1eeb32dde1bd4a7130272,0.276,0.595,0.696,2vtmY2mSccRzKGjtcHSzI3,0,10,0.411,-5.921,0,0.0417,88.013,audio_features,0.533
61b1eeb32dde1bd4a7130273,0.612,0.68,0.729,4DpNNXFMMxQEKl7r0ykkWA,0,5,0.224,-5.077,1,0.0475,123.97,audio_features,0.446
61b1eeb32dde1bd4a7130274,0.309,0.827,0.58,266Vb7ItE3o1q8HdJ9QOvn,0,7,0.148,-6.809,1,0.327,78.011,audio_features,0.492
61b1eeb32dde1bd4a7130275,0.901,0.675,0.408,0mr8FAnN9X70p5KRUwMIJx,0.000714,0,0.16,-10.861,1,0.142,90.111,audio_features,0.229
61b1eeb32dde1bd4a7130276,0.163,0.678,0.431,6uaBrivDHCaV0uBTiwHTUi,0.00000194,0,0.147,-6.749,1,0.0326,90.941,audio_features,0.404
61b1eeb32dde1bd4a7130277,0.0301,0.606,0.62,1qwno7xb5mJe71xtMS6jl2,0.0916,0,0.167,-5.005,1,0.0298,88.984,audio_features,0.543
61b1eeb52dde1bd4a7130278,0.00522,0.683,0.814,1kTZ1aERsOBTrihsDdGFNn,0.0131,5,0.33,-5.17,0,0.251,159.96,audio_features,0.81
61b1eeb52dde1bd4a7130279,0.741,0.486,0.921,2ZMxeRHTaoH1GgYAv16QyB,0,2,0.0772,-5.221,1,0.101,112.555,audio_features,0.581
61b1eeb52dde1bd4a713027a,0.0243,0.629,0.889,0YKPrW5i0gcJ9e5GNSAQti,0.00109,11,0.0984,-3.573,1,0.0984,125.144,audio_features,0.702
61b1eeb52dde1bd4a713027b,0.0927,0.721,0.405,0A64VlPLZuN4VWy1BJwY5n,0.467,10,0.0812,-15.397,1,0.0305,161.932,audio_features,0.862
61b1eeb52dde1bd4a713027c,0.000448,0.313,0.605,5LuYzNT80u6BrRFtwEPet7,0,5,0.136,-6.261,1,0.0447,114.182,audio_features,0.379
61b1eeb52dde1bd4a713027d,0.0807,0.569,0.83,4bPQs0PHn4xbipzdPfn6du,0,9,0.114,-4.106,0,0.14,170.094,audio_features,0.609
61b1eeb52dde1bd4a713027e,0.00475,0.527,0.922,2kS6td1yvmpNgZTt1q5pQq,0.000162,9,0.422,-2.666,0,0.0728,95.975,audio_features,0.49
61b1eeb52dde1bd4a713027f,0.0147,0.453,0.791,75MALmx6EHZ9YLUaqRqa23,0,1,0.131,-5.276,1,0.0752,170.238,audio_features,0.562
61b1eeb52dde1bd4a7130280,0.862,0.478,0.33,1baoZlq32nBee9tcYbQYxV,0.00113,11,0.176,-12.4,0,0.0339,79.484,audio_features,0.413
61b1eeb52dde1bd4a7130281,0.000197,0.56,0.925,1VdAWlvKSEe7nDd1zYok9O,0.0231,6,0.355,-3.821,0,0.0871,146.024,audio_features,0.628
61b1eeb52dde1bd4a7130282,0.131,0.596,0.633,0VmREvheUiN0xgM5fJYQqp,0,10,0.343,-3.602,0,0.0594,148.09,audio_features,0.473
61b1eeb52dde1bd4a7130283,0.0459,0.593,0.904,2JbBt7EID9Azxi9q15VRnO,0,11,0.399,-4.895,0,0.0463,165.851,audio_features,0.817
61b1eeb52dde1bd4a7130284,0.0413,0.431,0.962,70uQzsAyJ1vmloywhrO0ss,0.000211,4,0.124,-7.216,1,0.182,179.683,audio_features,0.75
61b1eeb52dde1bd4a7130285,0.194,0.664,0.797,2y51QpLzI5qbWfCcSx9Tu1,0,7,0.337,-4.473,1,0.0362,97.004,audio_features,0.284
61b1eeb52dde1bd4a7130286,0.00535,0.561,0.845,1OzBgu7EIcab8wxnpWB9Qu,0.0647,6,0.0706,-6.27,0,0.1,119.966,audio_features,0.507
61b1eeb52dde1bd4a7130287,0.137,0.392,0.702,3xpdefOloYCBXd3UR6MVyM,0,6,0.109,-6.509,1,0.0848,188.606,audio_features,0.771
61b1eeb52dde1bd4a7130288,0.407,0.495,0.457,1iBljl6IFBU6OkUMJVKMbn,0.00000125,7,0.142,-6.072,1,0.0306,82.825,audio_features,0.342
61b1eeb52dde1bd4a7130289,0.441,0.642,0.594,1MOyN6opDPpLi3nTfgEcjS,0.0052,9,0.0941,-5.542,1,0.0654,114.344,audio_features,0.648
61b1eeb52dde1bd4a713028a,0.00615,0.661,0.836,08KTQSs3ickNki7FFTb6fY,0,1,0.032,-4.079,0,0.0297,137.507,audio_features,0.799
61b1eeb52dde1bd4a713028b,0.00192,0.391,0.957,43FtpuAePqILFhq4yrWeQu,0,7,0.317,-3.527,1,0.0501,89.509,audio_features,0.544
61b1eeb52dde1bd4a713028c,0.0439,0.811,0.315,6ibbHAoBrdqJxo345QGumd,0,0,0.126,-11.55,1,0.0438,100.024,audio_features,0.972
61b1eeb52dde1bd4a713028d,0.000673,0.589,0.797,3oZUlZMXkj51AyYG8lGaE7,0,1,0.0246,-4.213,1,0.173,174.039,audio_features,0.787
61b1eeb52dde1bd4a713028e,0.0486,0.425,0.785,0xLCawHAfE3tqlPWRvhT49,0,7,0.377,-4.816,1,0.0372,143.903,audio_features,0.319
61b1eeb52dde1bd4a713028f,0.00139,0.516,0.85,37mfTcSlX60JtAvAETytGs,0,4,0.296,-3.909,0,0.0706,120.324,audio_features,0.583
61b1eeb52dde1bd4a7130290,0.000456,0.304,0.933,0lUSIaEhUApWIbru6IX21z,0.5,2,0.223,-3.499,1,0.0623,151.156,audio_features,0.115
61b1eeb52dde1bd4a7130291,0.00927,0.608,0.845,4hs2FbesB8qo6H5Berbikd,0.0000134,9,0.332,-4.938,0,0.0641,123.991,audio_features,0.518
61b1eeb52dde1bd4a7130292,0.00213,0.696,0.87,6HSbHJSeDXW0nej0oSXSE1,0.000229,2,0.0525,-3.566,1,0.0487,117.998,audio_features,0.876
61b1eeb52dde1bd4a7130293,0.666,0.227,0.431,2aDk1KkyB7ieSwwEDXCHJg,0.0239,7,0.126,-9.527,0,0.0432,76.986,audio_features,0.575
61b1eeb52dde1bd4a7130294,0.0506,0.463,0.857,7j31rVgGX9Q2blT92VBEA0,0,4,0.184,-3.063,1,0.0632,111.647,audio_features,0.856
61b1eeb52dde1bd4a7130295,0.539,0.927,0.454,7fBKbK8897K5V5zgr7ymIz,0.182,10,0.115,-11.767,0,0.191,114.016,audio_features,0.32
61b1eeb52dde1bd4a7130296,0.00978,0.421,0.935,3EY1vEkydU2oguC17jzhTZ,0,7,0.165,-2.601,1,0.438,155.855,audio_features,0.645
61b1eeb52dde1bd4a7130297,0.629,0.422,0.302,2WZ3zMVFxuC5i20jQrnPyE,0.0000783,11,0.104,-9.214,1,0.0372,114.089,audio_features,0.123
61b1eeb52dde1bd4a7130298,0.331,0.797,0.755,7CFfqRW50ffULvBv7lfIIg,0.00000226,2,0.124,-5.393,1,0.0293,129.955,audio_features,0.411
61b1eeb52dde1bd4a7130299,0.000109,0.414,0.889,6D60SYI1Jk4V023qpJa4oi,0.00000425,11,0.0705,-9.578,1,0.0567,100.243,audio_features,0.512
61b1eeb52dde1bd4a713029a,0.316,0.824,0.296,3DYZKxjG8SZrWpVcoUilqQ,0.0115,10,0.0742,-13.56,1,0.138,75.008,audio_features,0.287
61b1eeb52dde1bd4a713029b,0.332,0.669,0.395,7FjIYiD53wxlQmzTT6Wdpf,0.000196,9,0.37,-9.598,1,0.03,125.979,audio_features,0.196
61b1eeb52dde1bd4a713029c,0.43,0.697,0.401,6SZwj6cjc8JQbkrr8cbIUn,0.0109,7,0.316,-10.216,1,0.0543,108.996,audio_features,0.478
61b1eeb52dde1bd4a713029d,0.774,0.747,0.506,4Kpt4pk9xgOlIgu9qvUrxC,0.0245,6,0.162,-5.009,1,0.146,79.913,audio_features,0.6
61b1eeb52dde1bd4a713029e,0.0341,0.348,0.875,2zzLRQ78kKfPTx8FJQCdC2,0,11,0.117,-4.758,0,0.199,169.152,audio_features,0.407
61b1eeb52dde1bd4a713029f,0.41,0.518,0.496,190IqlryWu91WBKeDgZqZz,0.1,10,0.0999,-11.607,1,0.0292,143.921,audio_features,0.281
61b1eeb52dde1bd4a71302a0,0.239,0.664,0.382,5q4BpnMrYEFzLO0dYODj6J,0.00749,0,0.0943,-9.977,1,0.047,123.214,audio_features,0.126
61b1eeb52dde1bd4a71302a1,0.12,0.579,0.77,6lhuBaygBqxBjdcXrM685k,0.0553,4,0.172,-9.163,0,0.0586,125.011,audio_features,0.275
61b1eeb52dde1bd4a71302a2,0.000369,0.489,0.892,1MHYAqWWdDRePmnqORynrq,0.00293,11,0.411,-4.757,0,0.0786,137.93,audio_features,0.598
61b1eeb52dde1bd4a71302a3,0.0781,0.366,0.439,3sa1wUB8FAkoH95MGPGBWI,0.0000192,4,0.108,-5.238,1,0.0298,115.94,audio_features,0.11
61b1eeb52dde1bd4a71302a4,0.0483,0.691,0.631,086myS9r57YsLbJpU0TgK9,0.0000113,2,0.104,-6.478,1,0.0368,92.004,audio_features,0.8
61b1eeb52dde1bd4a71302a5,0.194,0.527,0.591,63Lg0ZiNxedzbub29hv6VT,0.0194,6,0.0907,-7.664,0,0.0396,123.167,audio_features,0.461
61b1eeb52dde1bd4a71302a6,0.244,0.536,0.486,0VD1GQqBRp3oAx1Sv1lNKd,0.00788,11,0.12,-11.067,0,0.0346,131.988,audio_features,0.0968
61b1eeb52dde1bd4a71302a7,0.00491,0.474,0.921,5s2zbxZI4Ym5LTKwjZHS2V,0.859,9,0.476,-10.431,0,0.0457,93.007,audio_features,0.696
61b1eeb52dde1bd4a71302a8,0.63,0.664,0.576,0IOFbRuU9O7BsRMVBT6Rbo,0.000198,5,0.0902,-6.429,1,0.0286,76.026,audio_features,0.621
61b1eeb52dde1bd4a71302a9,0.000965,0.524,0.831,21xou84xCn9aF4z2N5GzTK,0,6,0.0904,-5.25,1,0.0287,93.003,audio_features,0.458
61b1eeb52dde1bd4a71302aa,0.00262,0.535,0.448,6gpSU2C1VJq0xaVIGtQPVi,0.0000194,2,0.115,-9.167,1,0.0279,101.984,audio_features,0.32
61b1eeb52dde1bd4a71302ab,0.0604,0.607,0.451,0U3u0HdRQjD8mAMYBak4Ok,0,4,0.19,-8.206,1,0.0286,94.054,audio_features,0.676
61b1eeb52dde1bd4a71302ac,0.00387,0.608,0.528,67EUBsc4qosGOVbaYy6TeX,0.000014,1,0.106,-11.722,1,0.0338,89.221,audio_features,0.454
61b1eeb52dde1bd4a71302ad,0.386,0.278,0.662,3sgf2a905hjZ81tXYytY6i,0.0000114,9,0.134,-6.075,1,0.0295,181.683,audio_features,0.274
61b1eeb52dde1bd4a71302ae,0.0478,0.497,0.639,5ErtQGRKEibK2WHaA729O8,0,1,0.39,-5.31,1,0.0273,171.95,audio_features,0.766
61b1eeb52dde1bd4a71302af,0.483,0.63,0.418,6F5mZpEEjhsAW8UEqbIpz1,0.15,7,0.111,-7.111,0,0.0254,140.037,audio_features,0.345
61b1eeb52dde1bd4a71302b0,0.764,0.777,0.635,44uCMdE6RWnkOFYTtbmUUc,0.00000225,5,0.155,-6.323,0,0.0392,138.04,audio_features,0.653
61b1eeb52dde1bd4a71302b1,0.852,0.665,0.373,57ifn7s0IPnqCgXXHXQCHL,0.118,7,0.108,-10.631,1,0.158,119.905,audio_features,0.07
61b1eeb52dde1bd4a71302b2,0.908,0.541,0.208,0JuSzMSHwpTlbfKlF4uQi6,0,1,0.163,-17.989,0,0.368,94.927,audio_features,0.65
61b1eeb52dde1bd4a71302b3,0.00322,0.515,0.804,0ZK8TGOsngrstVPsnrHbK1,0.00229,6,0.149,-5.345,0,0.0398,123.969,audio_features,0.298
61b1eeb52dde1bd4a71302b4,0.0289,0.71,0.847,43O3Iu8mDJy10i6k8SVRXX,0.00033,0,0.0613,-3.009,1,0.0892,119.944,audio_features,0.65
61b1eeb52dde1bd4a71302b5,0.0329,0.303,0.494,3mUuD7ec0lWqwSZnTiQ58J,0.0000811,0,0.144,-6.498,1,0.037,128.658,audio_features,0.148
61b1eeb52dde1bd4a71302b6,0.598,0.744,0.619,7B3z0ySL9Rr0XvZEAjWZzM,0.00372,0,0.231,-9.805,1,0.039,112.997,audio_features,0.641
61b1eeb52dde1bd4a71302b7,0.438,0.625,0.285,5Ss6DqCldgTmIo6BekVOJT,0.00279,1,0.192,-16.686,0,0.0537,140.02,audio_features,0.357
61b1eeb52dde1bd4a71302b8,0.653,0.608,0.305,02tvc9CFnTyHuSRlGeNv9w,0,4,0.103,-14.037,1,0.053,113.818,audio_features,0.222
61b1eeb52dde1bd4a71302b9,0.0217,0.54,0.381,3h3pOvw6hjOvZxRUseB7h9,0.000687,7,0.305,-14.323,1,0.0347,155.882,audio_features,0.343
61b1eeb52dde1bd4a71302ba,0.336,0.39,0.502,3Am0IbOxmvlSXro7N5iSfZ,0.000138,10,0.0713,-12.277,1,0.178,97.871,audio_features,0.289
61b1eeb52dde1bd4a71302bb,0.049,0.75,0.585,5mIOsPuQdXchVY0jB5NO9Q,0.00552,9,0.155,-7.576,0,0.0285,102.331,audio_features,0.584
61b1eeb52dde1bd4a71302bc,0.234,0.692,0.494,78Vm1H6bT8WQyPNyx7HBhP,0.00453,1,0.122,-12.232,0,0.0581,139.874,audio_features,0.469
61b1eeb52dde1bd4a71302bd,0.593,0.93,0.611,0KyAGiNGUytG5JLxJu4F6l,0.00124,0,0.0592,-4.406,1,0.0415,112.127,audio_features,0.695
61b1eeb52dde1bd4a71302be,0.113,0.566,0.366,1BYZxKSf0aTxp8ZFoeyM3d,0.181,7,0.155,-12.808,1,0.028,129.959,audio_features,0.237
61b1eeb52dde1bd4a71302bf,0.0576,0.558,0.909,5Bge1Dsqjc14hhGguYML5w,0,7,0.102,-5.851,1,0.0406,114.56,audio_features,0.452
61b1eeb52dde1bd4a71302c0,0.0004,0.568,0.569,5v8aEcHcaJIGYpfVVPtJjI,0.102,7,0.342,-6.013,0,0.0329,72.991,audio_features,0.266
61b1eeb52dde1bd4a71302c1,0.124,0.652,0.8,5czZkLGepjburbkbEaCfm4,0.0000187,9,0.121,-7.37,1,0.0313,126.985,audio_features,0.933
61b1eeb52dde1bd4a71302c2,0.00548,0.325,0.867,0Kd1R41kTx9Uzk30yv5PP7,0.00000433,4,0.103,-5.53,1,0.0809,144.866,audio_features,0.336
61b1eeb52dde1bd4a71302c3,0.0234,0.338,0.819,7t19ubLwfZubJh2HpCUTrC,0,3,0.129,-5.666,1,0.0736,118.905,audio_features,0.698
61b1eeb52dde1bd4a71302c4,0.749,0.295,0.478,0rPsA6WNBe8BdSgth2z0HG,0.000208,7,0.436,-7.844,1,0.0325,169.846,audio_features,0.17
61b1eeb52dde1bd4a71302c5,0.0212,0.623,0.661,37adYGaYaAWTGhBaOzX4Fh,0.000229,9,0.267,-7,1,0.1,151.97,audio_features,0.63
61b1eeb52dde1bd4a71302c6,0.599,0.828,0.577,0Dfctnkk9xIikDKJ06uwzo,0,6,0.0814,-7.656,0,0.158,86.339,audio_features,0.587
61b1eeb52dde1bd4a71302c7,0.0539,0.77,0.896,4sNwdacKyi2S26WrRtNama,0,0,0.243,-3.971,1,0.039,126.999,audio_features,0.964
61b1eeb52dde1bd4a71302c8,0.699,0.484,0.749,6DONTnamNDOJdO6DzCu71p,0.861,1,0.105,-4.176,1,0.0687,160.006,audio_features,0.468
61b1eeb52dde1bd4a71302c9,0.34,0.714,0.82,18Gcl5bxdd8bpBhWOj1rCR,0,1,0.0801,-1.102,1,0.444,78.032,audio_features,0.904
61b1eeb52dde1bd4a71302ca,0.0242,0.642,0.538,1Z8gpnzgTFQKAwmV43iLBB,0,8,0.273,-7.206,1,0.0696,143.921,audio_features,0.57
61b1eeb52dde1bd4a71302cb,0.00016,0.5,0.824,4P5KoWXOxwuobLmHXLMobV,0.00161,4,0.0916,-5.846,0,0.0388,120.125,audio_features,0.539
61b1eeb52dde1bd4a71302cc,0.145,0.733,0.71,7w87IxuO7BDcJ3YUqCyMTT,0.115,5,0.0956,-5.849,0,0.0292,127.975,audio_features,0.965
61b1eeb52dde1bd4a71302cd,0.0411,0.603,0.834,4bJygwUKrRgq1stlNXcgMg,0.00609,5,0.105,-5.766,0,0.0417,89.957,audio_features,0.376
61b1eeb52dde1bd4a71302ce,0.216,0.457,0.943,2NBxGmbCTLArOiMyWEWsPE,0.000245,1,0.206,-5.271,0,0.0768,101.837,audio_features,0.373
61b1eeb52dde1bd4a71302cf,0.000335,0.58,0.908,5i7ThJfYLAzp2DyZuFpF6j,0.0000484,4,0.087,-5.303,1,0.0341,115.016,audio_features,0.427
61b1eeb52dde1bd4a71302d0,0.00146,0.654,0.828,2x8evxqUlF0eRabbW2JBJd,0.000144,1,0.122,-5.377,0,0.0281,112.056,audio_features,0.79
61b1eeb52dde1bd4a71302d1,0.00349,0.847,0.801,21DhGvrfC9W2FBjW5EJmWE,0,6,0.331,-4.382,1,0.0866,109.053,audio_features,0.744
61b1eeb52dde1bd4a71302d2,0.18,0.421,0.887,7MlAND46qL6L5npwOhbaZK,0.00177,0,0.52,-4.929,1,0.0574,78.986,audio_features,0.45
61b1eeb52dde1bd4a71302d3,0.00252,0.537,0.893,2nZ33CKRbgpJQJJQKHuGXb,0.0211,0,0.0636,-5.459,1,0.0893,183.78,audio_features,0.499
61b1eeb52dde1bd4a71302d4,0.121,0.369,0.864,051nqR620urZn0vaTzAzoz,0.317,9,0.103,-8.104,1,0.418,163.078,audio_features,0.164
61b1eeb52dde1bd4a71302d5,0.00119,0.355,0.918,3n3Ppam7vgaVa1iaRUc9Lp,0,1,0.0971,-4.36,1,0.0746,148.114,audio_features,0.24
61b1eeb52dde1bd4a71302d6,0.414,0.86,0.717,3IBGU1NgiTjDsIJn2Jtdg4,0,1,0.0843,-5.542,0,0.48,158.019,audio_features,0.812
61b1eeb52dde1bd4a71302d7,0.0213,0.589,0.614,113xf7t4qNM7038YJvauik,0.165,0,0.31,-7.528,0,0.0426,119.837,audio_features,0.318
61b1eeb52dde1bd4a71302d8,0.0678,0.588,0.521,5E30LdtzQTGqRvNd7l6kG5,0.149,10,0.123,-9.461,1,0.0329,85.012,audio_features,0.337
61b1eeb52dde1bd4a71302d9,0.556,0.76,0.479,3KkXRkHbMCARz0aVfEt68P,0,2,0.0703,-5.574,1,0.0466,89.911,audio_features,0.913
61b1eeb52dde1bd4a71302da,0.00301,0.471,0.924,2iUmqdfGZcHIhS3b9E9EWq,0,8,0.313,-3.906,1,0.0586,154.961,audio_features,0.725
61b1eeb52dde1bd4a71302db,0.932,0.587,0.389,5YKGHpXZUPSnChwYxbZHW9,0.863,4,0.185,-24.327,0,0.0435,134,audio_features,0.929
61b1eeb52dde1bd4a71302dc,0.0249,0.663,0.694,1RKUoGiLEbcXN4GY4spQDx,0,10,0.0698,-8.627,0,0.172,167.964,audio_features,0.524
61b1eeb52dde1bd4a71302dd,0.0000255,0.502,0.912,1f3yAtsJtY87CTmM8RLnxf,0.000173,1,0.106,-4.556,1,0.0564,116.761,audio_features,0.72
61b1eeb52dde1bd4a71302de,0.672,0.512,0.525,45i70K1PefHafKui2WxH0M,0.0000166,5,0.112,-7.152,1,0.0429,128.054,audio_features,0.337
61b1eeb52dde1bd4a71302df,0.804,0.535,0.319,1qFWOGLf8rX2lOLrR9wicN,0.00000391,9,0.227,-15.397,1,0.0745,142.883,audio_features,0.457
61b1eeb52dde1bd4a71302e0,0.0161,0.526,0.712,1eyzqe2QqGZUmfcPZtrIyt,0,11,0.179,-6.525,0,0.0356,105.009,audio_features,0.32
61b1eeb52dde1bd4a71302e1,0.868,0.648,0.22,4ZUv5GgKcziw6ZjyxUfudU,0,5,0.291,-10.735,1,0.0503,110.706,audio_features,0.614
61b1eeb52dde1bd4a71302e2,0.0274,0.565,0.528,53CIXq2ZLCT05BgOWq9ZeH,0.0166,6,0.294,-14.263,1,0.0986,148.34,audio_features,0.0409
61b1eeb62dde1bd4a71302e3,0.0117,0.42,0.544,4PqdOR9uAfyNp67P9k3bH2,0.803,7,0.166,-13.45,1,0.0465,90.092,audio_features,0.59
61b1eeb62dde1bd4a71302e4,0.00269,0.331,0.61,7wYU1avLwl1Gtkib8OTrZp,0.0548,9,0.14,-8.138,1,0.0293,132.746,audio_features,0.55
61b1eeb62dde1bd4a71302e5,0.166,0.601,0.649,0oHEteATZnAZuA9dl1dXF3,0.0000335,7,0.165,-6.979,1,0.133,89.73,audio_features,0.351
61b1eeb62dde1bd4a71302e6,0.0536,0.462,0.945,6hIOunhsLUT66KQgZV5dMD,0.746,2,0.11,-1.887,1,0.0399,165.153,audio_features,0.477
61b1eeb62dde1bd4a71302e7,0.593,0.93,0.611,0KyAGiNGUytG5JLxJu4F6l,0.00124,0,0.0592,-4.406,1,0.0415,112.127,audio_features,0.695
61b1eeb62dde1bd4a71302e8,0.00448,0.447,0.967,6EE19skJ32p58xihYj2Waa,0,0,0.487,-2.706,1,0.0793,179.991,audio_features,0.606
61b1eeb62dde1bd4a71302e9,0.00207,0.774,0.75,27L8sESb3KR79asDUBu8nW,0.0000178,11,0.0808,-4.927,0,0.0412,118.015,audio_features,0.927
61b1eeb62dde1bd4a71302ea,0.000532,0.535,0.521,6SQLk9HSNketfgs2AyIiMs,0.371,0,0.19,-5.942,1,0.0272,140.026,audio_features,0.457
61b1eeb62dde1bd4a71302eb,0.901,0.675,0.408,0mr8FAnN9X70p5KRUwMIJx,0.000714,0,0.16,-10.861,1,0.142,90.111,audio_features,0.229
61b1eeb62dde1bd4a71302ec,0.979,0.519,0.0696,2ukrSqd5725LMi9qQjh528,0.000115,2,0.422,-20.097,0,0.0448,103.354,audio_features,0.161
61b1eeb62dde1bd4a71302ed,0.0781,0.366,0.439,3sa1wUB8FAkoH95MGPGBWI,0.0000192,4,0.108,-5.238,1,0.0298,115.94,audio_features,0.11
61b1eeb62dde1bd4a71302ee,0.00237,0.52,0.852,58ge6dfP91o9oXMzq3XkIS,0.0000579,0,0.0733,-5.866,1,0.0543,140.267,audio_features,0.234
61b1eeb62dde1bd4a71302ef,0.0483,0.691,0.631,086myS9r57YsLbJpU0TgK9,0.0000113,2,0.104,-6.478,1,0.0368,92.004,audio_features,0.8
61b1eeb62dde1bd4a71302f0,0.141,0.765,0.663,0NuWgxEp51CutD2pJoF4OM,0.000297,0,0.0924,-5.223,1,0.0652,150.091,audio_features,0.686
61b1eeb62dde1bd4a71302f1,0.0467,0.576,0.593,360Wr96ywrCQq4kTAJ8Pq6,0.000767,9,0.237,-6.024,0,0.0306,157.993,audio_features,0.373
61b1eeb62dde1bd4a71302f2,0.918,0.514,0.424,6S7o12almFeL57rbRvdY5l,0.849,0,0.126,-10.645,1,0.0282,71.114,audio_features,0.416
61b1eeb62dde1bd4a71302f3,0.542,0.404,0.664,1NZs6n6hl8UuMaX0UC0YTz,0.00402,1,0.11,-6.698,1,0.0407,107.747,audio_features,0.0949
61b1eeb62dde1bd4a71302f4,0.721,0.585,0.436,7lPN2DXiMsVn7XUKtOW1CS,0.0000131,10,0.105,-8.761,1,0.0601,143.874,audio_features,0.132
61b1eeb62dde1bd4a71302f5,0.0861,0.596,0.575,3jHdKaLCkuNEkWcLVmQPCX,0.000153,11,0.334,-8.325,0,0.0514,98.265,audio_features,0.34
61b1eeb62dde1bd4a71302f6,0.41,0.749,0.497,1ko2lVN0vKGUl9zrU0qSlT,0.0499,10,0.0504,-12.609,0,0.105,95.818,audio_features,0.585
61b1eeb62dde1bd4a71302f7,0.707,0.379,0.219,4EWBhKf1fOFnyMtUzACXEc,0.000691,5,0.118,-11.196,1,0.0307,79.786,audio_features,0.188
61b1eeb62dde1bd4a71302f8,0.409,0.721,0.339,7DfFc7a6Rwfi3YQMRbDMau,0.00153,0,0.0973,-11.195,1,0.0532,129.83,audio_features,0.2
61b1eeb62dde1bd4a71302f9,0.845,0.444,0.418,78TzliRJJhCgsZ0ARUm8vI,0.00106,9,0.0747,-12.343,1,0.0296,81.829,audio_features,0.225
61b1eeb62dde1bd4a71302fa,0.00387,0.486,0.528,6suYoN4gFkanqOBn5yRnJC,0.000014,1,0.106,-11.722,1,0.0463,178.519,audio_features,0.452
61b1eeb62dde1bd4a71302fb,0.584,0.357,0.425,4xqrdfXkTW4T0RauPLv3WA,0,5,0.322,-7.301,1,0.0333,102.078,audio_features,0.27
61b1eeb62dde1bd4a71302fc,0.659,0.606,0.466,1FWoak0OgTq1jrYfRKfXsj,0.0413,0,0.0969,-9.979,1,0.0293,119.998,audio_features,0.511
61b1eeb62dde1bd4a71302fd,0.000335,0.58,0.908,5i7ThJfYLAzp2DyZuFpF6j,0.0000484,4,0.087,-5.303,1,0.0341,115.016,audio_features,0.427
61b1eeb62dde1bd4a71302fe,0.0495,0.612,0.807,2QjOHCTQ1Jl3zawyYOpxh6,0.0177,10,0.101,-2.81,1,0.0336,124.053,audio_features,0.398
61b1eeb62dde1bd4a71302ff,0.0678,0.588,0.521,5E30LdtzQTGqRvNd7l6kG5,0.149,10,0.123,-9.461,1,0.0329,85.012,audio_features,0.337
61b1eeb62dde1bd4a7130300,0.432,0.306,0.664,79EkGysjP2dL5GdpeQjRxT,0.0000075,9,0.135,-6.07,1,0.0276,158.283,audio_features,0.321
61b1eeb62dde1bd4a7130301,0.0473,0.81,0.353,2fGRJzoiYJYAzlQAyBONMb,0.000104,6,0.082,-9.536,1,0.0437,124.991,audio_features,0.731
61b1eeb62dde1bd4a7130302,0.208,0.578,0.386,7IL8PSVwLOJxqYne6azxQv,0.0453,6,0.307,-11.464,1,0.0278,154.902,audio_features,0.569
61b1eeb62dde1bd4a7130303,0.85,0.725,0.446,0So2sgVa8aJiARPl2P29u2,0.243,4,0.107,-8.958,0,0.0287,90.024,audio_features,0.311
61b1eeb62dde1bd4a7130304,0.324,0.683,0.273,6ftsXLGpDBkJH0fqODkUBQ,0.0000379,7,0.244,-11.458,1,0.0285,90.059,audio_features,0.719
61b1eeb62dde1bd4a7130305,0.432,0.675,0.761,6LOZws7T3jqZz78unPgFF9,0,4,0.102,-4.469,0,0.0466,119.001,audio_features,0.428
61b1eeb62dde1bd4a7130306,0.0224,0.658,0.667,1qzxS6BHsAQLJqzuzQPDRS,0.000941,9,0.152,-9.626,0,0.0329,135.022,audio_features,0.824
61b1eeb62dde1bd4a7130307,0.0289,0.589,0.797,36xBFaVGjqm7le8CTHytUj,0.00000435,9,0.383,-5.464,1,0.15,102.489,audio_features,0.232
61b1eeb62dde1bd4a7130308,0.00302,0.562,0.904,3px2rAPu74ltbkf9eZsZ8h,0,1,0.0433,-4.947,1,0.0807,94.481,audio_features,0.651
61b1eeb62dde1bd4a7130309,0.293,0.764,0.905,73MWNenV7mQGUdXB8npY4H,0,0,0.584,-4.114,1,0.194,91.047,audio_features,0.772
61b1eeb62dde1bd4a713030a,0.121,0.674,0.428,2dLLR6qlu5UJ5gk0dKz0h3,0,7,0.132,-9.504,1,0.122,84.878,audio_features,0.337
61b1eeb62dde1bd4a713030b,0.791,0.464,0.269,5F55SiWwEEytk6vsQXHxQW,0.00000768,0,0.139,-12.14,1,0.0311,131.396,audio_features,0.184
61b1eeb62dde1bd4a713030c,0.000859,0.665,0.772,3rchbdfMJ48si8MqFRs6wP,0.0000981,10,0.182,-5.997,0,0.0337,119.049,audio_features,0.272
61b1eeb62dde1bd4a713030d,0.235,0.834,0.663,0AUvWawuP0ibk4SQ3sIZjk,0,8,0.372,-6.143,1,0.133,121.876,audio_features,0.774
61b1eeb62dde1bd4a713030e,0.188,0.423,0.857,3taCbWWTilb7eNMsAzOBq4,0.0000263,2,0.105,-5.173,1,0.0687,75.024,audio_features,0.196
61b1eeb62dde1bd4a713030f,0.153,0.546,0.468,7pegxVesMmE2qK0o58xoFG,0.00257,5,0.321,-8.167,1,0.0287,73.372,audio_features,0.416
61b1eeb62dde1bd4a7130310,0.131,0.596,0.633,0VmREvheUiN0xgM5fJYQqp,0,10,0.343,-3.602,0,0.0594,148.09,audio_features,0.473
61b1eeb62dde1bd4a7130311,0.396,0.597,0.529,4A0YuzcYuEEP8A3oEZTddL,0.0000459,0,0.372,-9.207,1,0.0865,134.825,audio_features,0.146
61b1eeb62dde1bd4a7130312,0.901,0.501,0.168,5ukAQcKEIJuzIbP55xp07x,0,4,0.134,-13.682,0,0.304,82.574,audio_features,0.514
61b1eeb62dde1bd4a7130313,0.0781,0.366,0.439,48rZVgAGm0OlbbxjikCpqm,0.0000192,4,0.108,-5.238,1,0.0298,115.94,audio_features,0.11
61b1eeb62dde1bd4a7130314,0.312,0.591,0.45,25z6kpmIwkCUqk2IORrJ5v,0.000116,5,0.147,-13.291,0,0.26,144.201,audio_features,0.304
61b1eeb62dde1bd4a7130315,0.325,0.606,0.618,3vZUC1m6QVm7urnN6lcF64,0.0019,11,0.108,-5.1,1,0.0258,92.061,audio_features,0.237
61b1eeb62dde1bd4a7130316,0.00272,0.506,0.817,2DgdHcjWmO3qd50RzuBLgZ,0,11,0.0486,-5.051,0,0.0335,109.952,audio_features,0.506
61b1eeb62dde1bd4a7130317,0.0106,0.551,0.953,0GxbglYySl18aZDIaGu1RU,0.474,0,0.118,-4.695,1,0.17,128.462,audio_features,0.176
61b1eeb62dde1bd4a7130318,0.17,0.467,0.753,4Cbrtoamv6acNiHNAUKnj0,0,9,0.245,-5.319,0,0.0454,89.02,audio_features,0.44
61b1eeb62dde1bd4a7130319,0.876,0.457,0.186,37gb4JjvBTcuRONxvw8OeF,0.00437,9,0.332,-20.866,1,0.124,144.68,audio_features,0.269
61b1eeb62dde1bd4a713031a,0.194,0.664,0.797,2y51QpLzI5qbWfCcSx9Tu1,0,7,0.337,-4.473,1,0.0362,97.004,audio_features,0.284
61b1eeb62dde1bd4a713031b,0.0142,0.596,0.927,1w47gZOFLLt9voDEyK7fGd,0.00913,11,0.0665,-6.241,0,0.0727,132.984,audio_features,0.641
61b1eeb62dde1bd4a713031c,0.331,0.519,0.413,6Dqs6JddZc16yl27MDzIWY,0.0666,8,0.106,-14.462,1,0.21,159.398,audio_features,0.404
61b1eeb62dde1bd4a713031d,0.00157,0.413,0.87,2UJ2JvrxU5Ue1y08o5TzqJ,0.00000147,0,0.113,-4.885,1,0.0349,100.816,audio_features,0.8
61b1eeb62dde1bd4a713031e,0.126,0.621,0.727,2cls4groLeYT1zmlXN1pO2,0,4,0.204,-5.529,1,0.0943,112.067,audio_features,0.636
61b1eeb62dde1bd4a713031f,0.209,0.526,0.459,1PPXvuqGAF3UCbsveKoOIV,0,0,0.0936,-7.632,1,0.0813,180.094,audio_features,0.329
61b1eeb62dde1bd4a7130320,0.0473,0.408,0.563,1uRKeDUiD4fDUEAjXbmYr6,0,9,0.0781,-5.97,0,0.0374,118.543,audio_features,0.558
61b1eeb62dde1bd4a7130321,0.452,0.642,0.835,16qh2Xmo8wvvNZoAa55XIn,0,6,0.17,-7.812,0,0.049,100.079,audio_features,0.7
61b1eeb62dde1bd4a7130322,0.365,0.331,0.45,4JE6agBLHGA5TaF6FlqfBD,0.00464,10,0.22,-5.362,1,0.034,123.829,audio_features,0.18
61b1eeb62dde1bd4a7130323,0.65,0.578,0.669,1175r6ZmkUjX8dRJLz9Ohk,0,10,0.13,-4.898,1,0.0377,75.995,audio_features,0.503
61b1eeb62dde1bd4a7130324,0.798,0.714,0.322,5E62p9OYWf6Za5eZbXE13N,0.0000064,0,0.2,-11.122,1,0.028,94.048,audio_features,0.503
61b1eeb62dde1bd4a7130325,0.788,0.529,0.353,7svpAkwc6xaSxlbZ7V7JiS,0.853,7,0.116,-12.835,1,0.0292,104.557,audio_features,0.0601
61b1eeb62dde1bd4a7130326,0.325,0.606,0.618,3vZUC1m6QVm7urnN6lcF64,0.0019,11,0.108,-5.1,1,0.0258,92.061,audio_features,0.237
61b1eeb62dde1bd4a7130327,0.0192,0.494,0.723,1Bv3h7Vc4AaYA2BcSM3rVd,0.0322,6,0.134,-4.559,0,0.0441,144.036,audio_features,0.152
61b1eeb62dde1bd4a7130328,0.148,0.628,0.873,48JJE3CDWQJd0GihDa0f5f,0.0000147,3,0.0941,-7.654,1,0.0409,146.012,audio_features,0.925
61b1eeb62dde1bd4a7130329,0.731,0.726,0.431,7eJMfftS33KTjuF7lTsMCx,0,8,0.696,-8.765,0,0.135,144.026,audio_features,0.348
61b1eeb62dde1bd4a713032a,0.974,0.866,0.211,2I9zHCCeKJRKMgJ6UJFN9W,0,11,0.0987,-12.676,0,0.0404,101.295,audio_features,0.198
61b1eeb62dde1bd4a713032b,0.0301,0.226,0.261,2QVmiA93GVhWNTWQctyY1K,0.0677,2,0.0628,-11.276,1,0.0339,108.915,audio_features,0.084
61b1eeb62dde1bd4a713032c,0.126,0.621,0.727,2cls4groLeYT1zmlXN1pO2,0,4,0.204,-5.529,1,0.0943,112.067,audio_features,0.636
61b1eeb62dde1bd4a713032d,0.00346,0.546,0.586,45ROR8UMn60YEVQnDy0uVF,0.00114,6,0.0562,-8.488,1,0.0313,131.778,audio_features,0.364
61b1eeb62dde1bd4a713032e,0.974,0.3,0.0177,36c2NifUp0GDnoOQT5unhR,0.00764,0,0.106,-27.293,1,0.0422,120.492,audio_features,0.0896
61b1eeb62dde1bd4a713032f,0.965,0.469,0.309,2GBjsCkCpR5w8Zri9aE49H,0,7,0.115,-13.694,1,0.091,112.412,audio_features,0.235
61b1eeb62dde1bd4a7130330,0.441,0.67,0.413,02H1K5Cw9Ar89b35XwSEw6,0.0000863,11,0.0902,-8.117,1,0.0273,112.011,audio_features,0.145
61b1eeb62dde1bd4a7130331,0.0635,0.675,0.464,7asyVbwQE7IbA3x2be7bdI,0.073,1,0.0711,-9.277,1,0.151,79.55,audio_features,0.129
61b1eeb62dde1bd4a7130332,0.387,0.532,0.474,3XRALl9CNCnjjbCZid2L9w,0.0000851,1,0.11,-5.223,1,0.0372,124.86,audio_features,0.281
61b1eeb62dde1bd4a7130333,0.949,0.498,0.0283,6Py8QOQ4I1286xM9KncPQ4,0.00000176,6,0.251,-25.021,1,0.0427,85.473,audio_features,0.0653
61b1eeb62dde1bd4a7130334,0.838,0.646,0.0828,42H6GeQfrBkT3vTUTdpB1M,0.000012,10,0.0934,-16.205,1,0.0435,108.826,audio_features,0.293
61b1eeb62dde1bd4a7130335,0.952,0.414,0.245,6ZLt6fyonW1xOGMBC9vJPJ,0.761,7,0.104,-17.929,1,0.0429,97.236,audio_features,0.132
61b1eeb62dde1bd4a7130336,0.979,0.509,0.0167,3zksbXteOCeSusJ5Xltr3t,0.0000272,9,0.387,-24.639,1,0.115,207.97,audio_features,0.229
61b1eeb62dde1bd4a7130337,0.821,0.621,0.177,7KVA9XflawdJaRBd1XYkJu,0,7,0.0709,-13.087,1,0.0433,129.88,audio_features,0.0787
61b1eeb62dde1bd4a7130338,0.0234,0.338,0.819,7t19ubLwfZubJh2HpCUTrC,0,3,0.129,-5.666,1,0.0736,118.905,audio_features,0.698
61b1eeb62dde1bd4a7130339,0.968,0.405,0.0854,3s9eWdn8IymCPvVLcKpjww,0.0121,0,0.139,-15.488,1,0.0336,93.768,audio_features,0.148
61b1eeb62dde1bd4a713033a,0.0967,0.585,0.471,30bqVoKjX479ab90a8Pafp,0.0184,4,0.115,-9.934,0,0.0616,93.099,audio_features,0.323
61b1eeb62dde1bd4a713033b,0.162,0.413,0.521,26ZX2JrAb8AFbr8FFfAsO7,0,9,0.323,-4.469,1,0.0466,103.391,audio_features,0.532
61b1eeb62dde1bd4a713033c,0.122,0.424,0.761,0RNGGyNM2yWfuTZ9sBz7wg,0.00781,3,0.11,-8.194,0,0.0791,164.113,audio_features,0.532
61b1eeb62dde1bd4a713033d,0.218,0.682,0.722,4iMfYGWDKKuP79CAqsKd3n,0,6,0.166,-3.352,1,0.113,159.992,audio_features,0.944
61b1eeb62dde1bd4a713033e,0.779,0.357,0.238,11fJTE3KSMDeMLgatNsFqc,0.00000407,7,0.168,-11.166,1,0.0302,141.718,audio_features,0.41
61b1eeb62dde1bd4a713033f,0.116,0.685,0.67,0vq7fkHZl2khMonn5G7d9l,0,11,0.179,-5.663,1,0.0393,117.98,audio_features,0.863
61b1eeb62dde1bd4a7130340,0.531,0.548,0.508,3GNTTTs9CVmr8RTrilIBOS,0.0000872,5,0.211,-11.994,1,0.0939,119.434,audio_features,0.301
61b1eeb62dde1bd4a7130341,0.868,0.648,0.22,4ZUv5GgKcziw6ZjyxUfudU,0,5,0.291,-10.735,1,0.0503,110.706,audio_features,0.614
61b1eeb62dde1bd4a7130342,0.0708,0.721,0.521,1i6N76fftMZhijOzFQ5ZtL,0.00545,2,0.127,-8.123,1,0.0613,123.118,audio_features,0.942
61b1eeb62dde1bd4a7130343,0.605,0.669,0.388,1wAqhAF1dynDjMy7m5CSSE,0.144,0,0.0905,-11.547,1,0.0306,130.016,audio_features,0.645
61b1eeb62dde1bd4a7130344,0.00239,0.429,0.661,3AJwUDP919kvQ9QcozQPxg,0.000121,11,0.234,-7.227,1,0.0281,173.372,audio_features,0.285
61b1eeb62dde1bd4a7130345,0.0209,0.562,0.782,1Xls3QHvOQ7YLB54R6BvgG,0,0,0.315,-5.863,1,0.04,94.006,audio_features,0.486
61b1eeb62dde1bd4a7130346,0.000501,0.466,0.763,5Az8KU81g2aLBbJN67F2CI,0,0,0.0973,-4.448,1,0.0318,154.914,audio_features,0.293
61b1eeb62dde1bd4a7130347,0.0136,0.236,0.799,0Zh3tKIphLOvQux4dA6PFZ,0,4,0.0948,-5.167,0,0.0939,208.951,audio_features,0.303
61b1eeb62dde1bd4a7130348,0.00602,0.21,0.94,7lRlq939cDG4SzWOF4VAnd,0,9,0.269,-3.427,1,0.123,179.722,audio_features,0.255
61b1eeb62dde1bd4a7130349,0.15,0.497,0.744,3rM10JnYLTVRFBqzMe9Q6Q,0.0000259,2,0.133,-6.847,1,0.0368,154.534,audio_features,0.611
61b1eeb62dde1bd4a713034a,0.363,0.397,0.552,0yfDVYKVKYrHknz9gVOlQr,0,0,0.076,-5.409,1,0.0567,142.528,audio_features,0.569
61b1eeb62dde1bd4a713034b,0.255,0.57,0.31,6TCmU4U7Ooqep96bnYx5lH,0.00000203,0,0.112,-13.208,1,0.0316,139.711,audio_features,0.242
61b1eeb62dde1bd4a713034c,0.193,0.492,0.611,6bfPo8Ge3VoD4dEGSDs0R9,0,0,0.691,-6.438,1,0.102,182.529,audio_features,0.933
61b1eeb62dde1bd4a713034d,0.00605,0.534,0.724,6OiRh4kttAs1YWglvTcYkB,0.0929,6,0.108,-4.675,0,0.0495,81.846,audio_features,0.503
61b1eeb62dde1bd4a713034e,0.588,0.633,0.632,5oiZiF3fBLHqgTDaH0Pj7M,0,7,0.0499,-9.55,1,0.0643,150.024,audio_features,0.792
61b1eeb62dde1bd4a713034f,0.0381,0.514,0.881,1gpBDeONibvJyQYEv5HJh9,0.00000955,0,0.103,-6.52,1,0.0629,87.541,audio_features,0.577
61b1eeb62dde1bd4a7130350,0.633,0.509,0.206,3usozzhsqnw7XnQt9WB3hX,0,4,0.0927,-14.604,1,0.0431,143.462,audio_features,0.3
61b1eeb62dde1bd4a7130351,0.051,0.701,0.87,2JqyquFrqaoKt0SRr91meT,0,6,0.276,-3.899,0,0.0359,120.031,audio_features,0.768
61b1eeb62dde1bd4a7130352,0.17,0.522,0.458,7yR5ZDif2glYMnFP73uRMm,0.00244,11,0.072,-7.785,1,0.0275,125.973,audio_features,0.359
61b1eeb62dde1bd4a7130353,0.593,0.281,0.426,7lpmIGFw7Kc9qIdq4cGs34,0.0446,6,0.124,-9.07,0,0.0526,177.714,audio_features,0.181
61b1eeb62dde1bd4a7130354,0.29,0.762,0.596,6TNWeqDnqdqIQWYMWZmzTA,0,9,0.0691,-8.152,1,0.075,116.887,audio_features,0.378
61b1eeb62dde1bd4a7130355,0.132,0.698,0.542,4rCKRVJZKVysScn2piDuOT,0.00117,2,0.199,-4.317,1,0.131,140.096,audio_features,0.664
61b1eeb62dde1bd4a7130356,0.272,0.539,0.928,0I8x68KiTOvx1VGDJLXzGO,0,9,0.375,-5.914,1,0.0504,142.044,audio_features,0.706
61b1eeb62dde1bd4a7130357,0.396,0.597,0.529,4A0YuzcYuEEP8A3oEZTddL,0.0000459,0,0.372,-9.207,1,0.0865,134.825,audio_features,0.146
61b1eeb62dde1bd4a7130358,0.00133,0.559,0.543,1nLnpLXvl68RZCSjfkyiaa,0.00002,1,0.0577,-5.429,1,0.302,75.958,audio_features,0.337
61b1eeb72dde1bd4a7130359,0.000272,0.371,0.778,78j9wYboWAkB0UxVVq0X0H,0.000311,4,0.169,-7.969,1,0.0497,122.719,audio_features,0.482
61b1eeb72dde1bd4a713035a,0.000653,0.231,0.877,77G0k1La0c5Dw8bAFANcyp,0.026,9,0.0694,-5.278,1,0.0574,186.142,audio_features,0.524
61b1eeb72dde1bd4a713035b,0.674,0.791,0.267,01TyFEZu6mHbffsVfxgrFn,0.534,5,0.102,-11.997,1,0.0415,165.99,audio_features,0.544
61b1eeb72dde1bd4a713035c,0.02,0.526,0.637,0Z0iYAtKYswMYXL3kJtdO4,0.00000125,7,0.0978,-5.052,1,0.0656,176.1,audio_features,0.765
61b1eeb72dde1bd4a713035d,0.0835,0.263,0.521,6H3vlGfkDO5M2WTDMNbdoI,0.0474,8,0.0891,-8.022,1,0.0465,74.983,audio_features,0.263
61b1eeb72dde1bd4a713035e,0.0108,0.511,0.622,0DRvClQbN9znQ295sx76VC,0.00000451,2,0.127,-5.727,1,0.0242,99.934,audio_features,0.425
61b1eeb72dde1bd4a713035f,0.113,0.566,0.366,1BYZxKSf0aTxp8ZFoeyM3d,0.181,7,0.155,-12.808,1,0.028,129.959,audio_features,0.237
61b1eeb72dde1bd4a7130360,0.289,0.374,0.609,19C3dH0RpMnYyp2yWwBaZb,0.000157,0,0.175,-5.27,0,0.0473,155.227,audio_features,0.501
61b1eeb72dde1bd4a7130361,0.00346,0.546,0.586,45ROR8UMn60YEVQnDy0uVF,0.00114,6,0.0562,-8.488,1,0.0313,131.778,audio_features,0.364
61b1eeb72dde1bd4a7130362,0.949,0.498,0.0283,6Py8QOQ4I1286xM9KncPQ4,0.00000176,6,0.251,-25.021,1,0.0427,85.473,audio_features,0.0653
61b1eeb72dde1bd4a7130363,0.837,0.178,0.461,7mgI1HLrLMlIHL3wzotbyM,0.0187,11,0.133,-7.479,1,0.0312,180.28,audio_features,0.135
61b1eeb72dde1bd4a7130364,0.0802,0.328,0.86,0Xu6ZcuiQNRqtvvwOxm8y8,0.103,10,0.27,-6.663,1,0.0638,156.932,audio_features,0.625
61b1eeb72dde1bd4a7130365,0.109,0.666,0.527,7I1kle4TNmkfednJDKo8GR,0.0000902,9,0.132,-5.851,1,0.034,115.979,audio_features,0.37
61b1eeb72dde1bd4a7130366,0.334,0.792,0.41,0Ceozg27V0Ws9jgQixD8fr,0.0000219,5,0.106,-10.141,1,0.0492,112.043,audio_features,0.561
61b1eeb72dde1bd4a7130367,0.0366,0.435,0.404,0qZngsBTYM37fevbe03IlX,0.351,4,0.117,-13.252,1,0.0266,154.959,audio_features,0.366
61b1eeb72dde1bd4a7130368,0.00146,0.491,0.666,5QJuMhGWTUB4t9BqR7ndL3,0.00000129,2,0.104,-6.42,1,0.0317,125.041,audio_features,0.26
61b1eeb72dde1bd4a7130369,0.979,0.509,0.0167,3zksbXteOCeSusJ5Xltr3t,0.0000272,9,0.387,-24.639,1,0.115,207.97,audio_features,0.229
61b1eeb72dde1bd4a713036a,0.000147,0.447,0.89,52zzYSu7RUsSFn8cZlVjWp,0.021,9,0.101,-3.823,0,0.047,136.066,audio_features,0.269
61b1eeb72dde1bd4a713036b,0.837,0.26,0.261,0ltmioOsLQsL0OFgcPbdVi,0,4,0.249,-9.651,1,0.0358,138.2,audio_features,0.226
61b1eeb72dde1bd4a713036c,0.65,0.578,0.669,1175r6ZmkUjX8dRJLz9Ohk,0,10,0.13,-4.898,1,0.0377,75.995,audio_features,0.503
61b1eeb72dde1bd4a713036d,0.0233,0.488,0.51,57HJa4ktE7iHGrbFhwzEr2,0.15,7,0.143,-8.367,1,0.026,104.959,audio_features,0.368
61b1eeb72dde1bd4a713036e,0.0274,0.316,0.909,0QtWg6I0Y6WM4uoX523SH3,0.0361,10,0.108,-5.383,1,0.0613,102.816,audio_features,0.399
61b1eeb72dde1bd4a713036f,0.00076,0.451,0.931,1jJci4qxiYcOHhQR247rEU,0.0049,9,0.361,-3.871,1,0.0719,122.961,audio_features,0.172
61b1eeb72dde1bd4a7130370,0.56,0.81,0.266,2TI2fw9FWPeah6N4k1b4NU,0.00000105,7,0.0962,-12.478,1,0.0407,130.041,audio_features,0.212
61b1eeb72dde1bd4a7130371,0.0209,0.594,0.721,6ie2Bw3xLj2JcGowOlcMhb,0.00000855,2,0.0879,-7.812,1,0.0957,128.942,audio_features,0.253
61b1eeb72dde1bd4a7130372,0.156,0.682,0.683,57RA3JGafJm5zRtKJiKPIm,0.0000232,8,0.273,-6.444,0,0.0287,120.023,audio_features,0.64
61b1eeb72dde1bd4a7130373,0.782,0.567,0.388,2ZWlPOoWh0626oTaHrnl2a,0.000309,9,0.248,-9.579,0,0.0384,116.362,audio_features,0.452
61b1eeb72dde1bd4a7130374,0.272,0.47,0.809,52ojopYMUzeNcudsoz7O9D,0.00671,8,0.0491,-6.74,1,0.0495,151.836,audio_features,0.49
61b1eeb72dde1bd4a7130375,0.467,0.686,0.662,2Eeur20xVqfUoM3Q7EFPFt,0.0023,7,0.109,-8.505,1,0.0413,147.922,audio_features,0.706
61b1eeb72dde1bd4a7130376,0.21,0.448,0.838,45S5WTQEGOB1VHr1Q4FuPl,0.000131,4,0.131,-5.257,0,0.0557,139.863,audio_features,0.254
61b1eeb72dde1bd4a7130377,0.652,0.388,0.338,2RlgNHKcydI9sayD2Df2xp,0.00000373,10,0.248,-10.054,1,0.0329,177.765,audio_features,0.478
61b1eeb72dde1bd4a7130378,0.00836,0.818,0.705,0d28khcov6AiegSCpG5TuT,0.00233,6,0.613,-6.679,1,0.177,138.559,audio_features,0.772
61b1eeb72dde1bd4a7130379,0.305,0.863,0.631,4nK5YrxbMGZstTLbvj6Gxw,0.0000304,7,0.123,-4.689,1,0.0534,128.977,audio_features,0.817
61b1eeb72dde1bd4a713037a,0.000813,0.443,0.545,1Ac5BDsGUMQ3tsW2vnc52x,0.0137,0,0.202,-8.196,1,0.0273,99.914,audio_features,0.104
61b1eeb72dde1bd4a713037b,0.834,0.519,0.637,7fwE3Nr0RsTzYOocfu2XbV,0.517,9,0.114,-7.215,0,0.113,110.174,audio_features,0.114
61b1eeb72dde1bd4a713037c,0.0698,0.742,0.678,6JqYhSdTE4WbQrMXxPH5cD,0,5,0.151,-4.605,0,0.192,115.05,audio_features,0.927
61b1eeb72dde1bd4a713037d,0.435,0.223,0.523,22TntnVO3lQNDR5nsvxGRs,0.283,0,0.225,-9.281,0,0.0466,179.83,audio_features,0.15
61b1eeb72dde1bd4a713037e,0.407,0.236,0.511,4z9KVNX4hmk672SJfhtQNz,0.281,0,0.346,-10.788,0,0.0442,80.973,audio_features,0.227
61b1eeb72dde1bd4a713037f,0.974,0.3,0.0177,36c2NifUp0GDnoOQT5unhR,0.00764,0,0.106,-27.293,1,0.0422,120.492,audio_features,0.0896
61b1eeb72dde1bd4a7130380,0.386,0.278,0.662,3sgf2a905hjZ81tXYytY6i,0.0000114,9,0.134,-6.075,1,0.0295,181.683,audio_features,0.274
61b1eeb72dde1bd4a7130381,0.00847,0.56,0.936,0GO8y8jQk1PkHzS31d699N,0,3,0.161,-5.835,1,0.0439,112.96,audio_features,0.371
61b1eeb72dde1bd4a7130382,0.0542,0.603,0.768,3OrI7MO3lL6F4dUYS5rCkz,0.726,6,0.36,-4.515,0,0.0295,135.095,audio_features,0.476
61b1eeb72dde1bd4a7130383,0.839,0.553,0.545,3eGsNpXzcb1BDkfSJI54NY,0,0,0.061,-8.299,1,0.0867,77.332,audio_features,0.943
61b1eeb72dde1bd4a7130384,0.514,0.65,0.686,0Xmz2shisTG8peoqnFj5tu,0.000188,4,0.138,-5.198,0,0.0314,124.023,audio_features,0.497
61b1eeb72dde1bd4a7130385,0.172,0.742,0.546,6UFivO2zqqPFPoQYsEMuCc,0.38,1,0.115,-7.694,1,0.0315,104.996,audio_features,0.868
61b1eeb72dde1bd4a7130386,0.00614,0.586,0.744,7rC3P7tpWriaC4hYWKwGQd,0.000172,4,0.372,-10.142,1,0.0508,117.006,audio_features,0.523
61b1eeb72dde1bd4a7130387,0.534,0.511,0.472,0TEekvXTomKt3hdXDZxxeW,0.614,4,0.11,-9.277,1,0.091,127.978,audio_features,0.0399
61b1eeb72dde1bd4a7130388,0.000653,0.231,0.877,77G0k1La0c5Dw8bAFANcyp,0.026,9,0.0694,-5.278,1,0.0574,186.142,audio_features,0.524
61b1eeb72dde1bd4a7130389,0.0038,0.593,0.658,3VzULnaqPKf1deQyZ5W4Ah,0.0126,2,0.0804,-4.957,1,0.0304,116.021,audio_features,0.27
61b1eeb72dde1bd4a713038a,0.0279,0.707,0.767,0zePbRMJ9sd7wsZRlbPQua,0.000295,7,0.169,-7.072,1,0.0323,139.985,audio_features,0.832
61b1eeb72dde1bd4a713038b,0.126,0.497,0.914,11zf7m4vw9Ze7cer9Nyhk1,0.0000198,9,0.274,-4.308,1,0.0455,148.893,audio_features,0.385
61b1eeb72dde1bd4a713038c,0.0576,0.558,0.909,5Bge1Dsqjc14hhGguYML5w,0,7,0.102,-5.851,1,0.0406,114.56,audio_features,0.452
61b1eeb72dde1bd4a713038d,0.0578,0.329,0.444,1170VohRSx6GwE6QDCHPPH,0.0352,1,0.113,-9.973,1,0.0417,162.279,audio_features,0.225
61b1eeb72dde1bd4a713038e,0.000729,0.591,0.746,35Ki1lvKPC2sFBD3GmKdRG,0,8,0.127,-7.762,1,0.0444,107.965,audio_features,0.432
61b1eeb72dde1bd4a713038f,0.00121,0.449,0.825,0Jgbauc8Nv2OOjR5ERW28B,0,11,0.208,-5.177,1,0.037,135.934,audio_features,0.223
61b1eeb72dde1bd4a7130390,0.037,0.602,0.601,5EV4bGHxVN0kHpcAFvgnTt,0.0046,9,0.312,-8.521,1,0.0411,122.017,audio_features,0.856
61b1eeb72dde1bd4a7130391,0.00167,0.637,0.929,6vFsBXYczYsP0H3lgunZOm,0.0000262,4,0.344,-3.593,1,0.0491,80.974,audio_features,0.902
61b1eeb72dde1bd4a7130392,0.000564,0.566,0.846,6iYMfxznTBlcVOgRHab2W0,0.000795,7,0.121,-6.904,0,0.035,160.02,audio_features,0.86
61b1eeb72dde1bd4a7130393,0.108,0.633,0.588,0ygr1n1Xk1UvWrzJXjVVng,0.0000147,10,0.317,-6.923,1,0.0533,91.977,audio_features,0.35
61b1eeb72dde1bd4a7130394,0.116,0.657,0.579,110NFrhyUhxxRmMCTdzF2R,0.0000377,0,0.326,-10.351,1,0.284,74.96,audio_features,0.731
61b1eeb72dde1bd4a7130395,0.126,0.565,0.693,5WHgAhE3VlGpBiNKUWEyDY,0.000037,4,0.0888,-5.962,1,0.0281,101.909,audio_features,0.191
61b1eeb72dde1bd4a7130396,0.934,0.762,0.468,6PVx8IYQJdeLa2AIJnnFrj,0.102,10,0.115,-7.969,1,0.0464,119.88,audio_features,0.347
61b1eeb72dde1bd4a7130397,0.0227,0.558,0.778,3XOHxCoPkXW0pvR6xl4f0M,0.00000454,4,0.114,-6.423,0,0.106,142.052,audio_features,0.543
61b1eeb72dde1bd4a7130398,0.244,0.549,0.693,1aBouZtfICZ1PRNCtPcdVL,0,6,0.111,-8.926,0,0.128,168.969,audio_features,0.459
61b1eeb72dde1bd4a7130399,0.0495,0.612,0.807,2QjOHCTQ1Jl3zawyYOpxh6,0.0177,10,0.101,-2.81,1,0.0336,124.053,audio_features,0.398
61b1eeb72dde1bd4a713039a,0.475,0.788,0.545,58b6TDSEEyGCILOzwCo4By,0.0138,3,0.134,-7.647,1,0.0487,119.948,audio_features,0.583
61b1eeb72dde1bd4a713039b,0.0387,0.545,0.968,5qEn8c0MBzyRKgQq91Vevi,0.00325,9,0.331,-3.553,0,0.0853,169.965,audio_features,0.527
61b1eeb72dde1bd4a713039c,0.942,0.252,0.314,0SUDiaR0qm30fXVGPjPvRp,0.676,5,0.0892,-18.197,0,0.0407,75.056,audio_features,0.2
61b1eeb72dde1bd4a713039d,0.0884,0.682,0.9,1lpLrlyweOShEKXT1bpcDd,0.063,9,0.0685,-5.028,1,0.0874,100.721,audio_features,0.937
61b1eeb72dde1bd4a713039e,0.0398,0.655,0.668,4gZDCOFuLCxCRWNhSEcOtJ,0.0302,0,0.0759,-6.733,1,0.0272,93.003,audio_features,0.867
61b1eeb72dde1bd4a713039f,0.132,0.641,0.842,64lsIF5pw0sJY0gV5kz0RN,0.91,9,0.419,-7.27,1,0.0292,129.98,audio_features,0.5
61b1eeb72dde1bd4a71303a0,0.158,0.706,0.631,0AsUVUloJ52ZCXmqrMFgOI,0.000607,0,0.0374,-7.711,1,0.0553,160.064,audio_features,0.424
61b1eeb72dde1bd4a71303a1,0.618,0.587,0.724,65j65yDSE06CNKAPjsHoJt,0.000166,6,0.157,-6.775,1,0.0321,106.994,audio_features,0.837
61b1eeb72dde1bd4a71303a2,0.196,0.58,0.791,3vFZheR74pxUkzxqhXTZ2X,0.00326,11,0.0793,-7.604,0,0.324,83.323,audio_features,0.343
61b1eeb72dde1bd4a71303a3,0.0124,0.736,0.703,5eLSh1cHqZ7d5Pli6kFjTV,0.462,11,0.237,-6.728,0,0.0239,109.003,audio_features,0.375
61b1eeb72dde1bd4a71303a4,0.037,0.624,0.817,5dn0Sn7oEwq5Q3Hg5C7W0s,0.247,4,0.358,-4.403,1,0.0312,113.028,audio_features,0.439
61b1eeb72dde1bd4a71303a5,0.588,0.633,0.632,5oiZiF3fBLHqgTDaH0Pj7M,0,7,0.0499,-9.55,1,0.0643,150.024,audio_features,0.792
61b1eeb72dde1bd4a71303a6,0.000247,0.455,0.91,6V68ItawQkQlZhYIf1S86C,0,2,0.107,-4.464,1,0.166,114.109,audio_features,0.447
61b1eeb72dde1bd4a71303a7,0.0641,0.595,0.896,2Iq6HhIquO7JKr0KfTNLzU,0.0000582,10,0.0748,-2.951,1,0.047,118.001,audio_features,0.567
61b1eeb72dde1bd4a71303a8,0.106,0.795,0.597,14ny3vlL25p6Vix2Sb8k1b,0,11,0.113,-6.395,0,0.0327,110.014,audio_features,0.849
61b1eeb72dde1bd4a71303a9,0.00428,0.455,0.867,14uvyd51Ha7FihKHlOtUig,0.0000501,9,0.0998,-3.445,0,0.151,185.977,audio_features,0.29
61b1eeb72dde1bd4a71303aa,0.0321,0.662,0.681,4aBCSgAz8OyHgWQ9HnYZlw,0.139,11,0.508,-8.152,0,0.0315,98.004,audio_features,0.864
61b1eeb72dde1bd4a71303ab,0.0183,0.74,0.517,0m7TguDgLue2LCaDF7B4qx,0,1,0.0558,-6.233,0,0.0506,139.917,audio_features,0.698
61b1eeb72dde1bd4a71303ac,0.116,0.886,0.893,5FXn5JHL50tDPMITGun9zh,0.0737,6,0.145,-2.713,0,0.0612,116.01,audio_features,0.814
61b1eeb72dde1bd4a71303ad,0.00535,0.561,0.845,1OzBgu7EIcab8wxnpWB9Qu,0.0647,6,0.0706,-6.27,0,0.1,119.966,audio_features,0.507
61b1eeb72dde1bd4a71303ae,0.00842,0.489,0.854,60ItIsHh4L7aumPEET4sp0,0.00000406,0,0.091,-3.03,1,0.079,180.138,audio_features,0.763
61b1eeb72dde1bd4a71303af,0.00698,0.704,0.726,1zjPf0FrnNyiIae9N4adOb,0.0151,0,0.167,-5.05,0,0.128,151.972,audio_features,0.726
61b1eeb72dde1bd4a71303b0,0.0243,0.629,0.889,0YKPrW5i0gcJ9e5GNSAQti,0.00109,11,0.0984,-3.573,1,0.0984,125.144,audio_features,0.702
61b1eeb72dde1bd4a71303b1,0.136,0.464,0.417,5XeFesFbtLpXzIVDNQP22n,0.022,0,0.0974,-9.345,0,0.0256,67.528,audio_features,0.479
61b1eeb72dde1bd4a71303b2,0.44,0.761,0.525,3USxtqRwSYz57Ewm6wWRMp,0.0000067,11,0.0921,-6.9,1,0.0944,80.87,audio_features,0.531
61b1eeb72dde1bd4a71303b3,0.599,0.828,0.577,0Dfctnkk9xIikDKJ06uwzo,0,6,0.0814,-7.656,0,0.158,86.339,audio_features,0.587
61b1eeb72dde1bd4a71303b4,0.471,0.797,0.44,0dkvbYmXYEPK7gGMdytmfI,0.00000157,5,0.0849,-6.587,0,0.0594,111.014,audio_features,0.436
61b1eeb72dde1bd4a71303b5,0.00122,0.623,0.647,7hpJ9tATWb2vztlq99hERP,0,8,0.354,-5.438,1,0.04,107.987,audio_features,0.522
61b1eeb72dde1bd4a71303b6,0.462,0.678,0.533,3XF5xLJHOQQRbWya6hBp7d,0.219,4,0.139,-10.485,1,0.186,150.455,audio_features,0.323
61b1eeb72dde1bd4a71303b7,0.152,0.495,0.426,7uUahoeqGNRMbpdeiLj1rS,0.00000565,8,0.099,-9.434,1,0.0736,97.91,audio_features,0.0636
61b1eeb72dde1bd4a71303b8,0.00302,0.562,0.904,3px2rAPu74ltbkf9eZsZ8h,0,1,0.0433,-4.947,1,0.0807,94.481,audio_features,0.651
61b1eeb72dde1bd4a71303b9,0.0229,0.578,0.907,0Q0Vl9fKJF5MDxfVKbD78e,0,4,0.557,-4.869,1,0.0895,170.04,audio_features,0.66
61b1eeb72dde1bd4a71303ba,0.0406,0.621,0.873,5hM5arv9KDbCHS0k9uqwjr,0.0000091,5,0.0824,-3.067,0,0.0369,97.96,audio_features,0.873
61b1eeb72dde1bd4a71303bb,0.00616,0.288,0.758,2AT8iROs4FQueDv2c8q2KE,0,6,0.303,-5.692,0,0.0371,97.094,audio_features,0.619
61b1eeb72dde1bd4a71303bc,0.0031,0.473,0.738,0J2wSeaQtC93AYYhBYwi5O,0.0000163,0,0.103,-4.462,1,0.0426,161.863,audio_features,0.499
61b1eeb72dde1bd4a71303bd,0.00608,0.46,0.868,1KhXD3tMhAWv2f461ZTVBj,0.0399,4,0.0751,-4.489,0,0.0619,181.995,audio_features,0.582
61b1eeb72dde1bd4a71303be,0.051,0.701,0.87,2JqyquFrqaoKt0SRr91meT,0,6,0.276,-3.899,0,0.0359,120.031,audio_features,0.768
61b1eeb72dde1bd4a71303bf,0.00628,0.397,0.962,17weS3aO2oaGYJ9Q9yM56X,0,9,0.238,-3.386,1,0.0639,177.927,audio_features,0.542
61b1eeb72dde1bd4a71303c0,0.0272,0.532,0.841,4ig3DcNoj3UfPdhL2Rw9J1,0,4,0.136,-4.993,0,0.172,172.004,audio_features,0.23
61b1eeb72dde1bd4a71303c1,0.00327,0.521,0.885,3zjjzKg16tczCMwckGKGuH,0.00904,4,0.324,-4.934,0,0.125,115.985,audio_features,0.344
61b1eeb72dde1bd4a71303c2,0.00461,0.378,0.665,2ACs0dJwkSsvNZvEbvFurK,0.000118,7,0.0575,-7.386,1,0.0428,169.981,audio_features,0.431
61b1eeb72dde1bd4a71303c3,0.00154,0.894,0.764,6ZZr5ew0DvA6xda9T5owOU,0.0349,4,0.0323,-10.028,0,0.0604,127.038,audio_features,0.796
61b1eeb82dde1bd4a71303c4,0.00807,0.529,0.9,3BbdBuUQIGA3FEZdqUTWpS,0.00128,9,0.114,-4.941,0,0.0426,120.026,audio_features,0.479
61b1eeb82dde1bd4a71303c5,0.0411,0.603,0.834,4bJygwUKrRgq1stlNXcgMg,0.00609,5,0.105,-5.766,0,0.0417,89.957,audio_features,0.376
61b1eeb82dde1bd4a71303c6,0.123,0.665,0.542,2LGdO5MtFdyphi2EihANZG,0.00291,11,0.342,-8.323,0,0.033,97.975,audio_features,0.587
61b1eeb82dde1bd4a71303c7,0.115,0.697,0.529,4P6n0udLAnmCNXVcobYbsK,0.901,2,0.0895,-8.838,1,0.0338,155.974,audio_features,0.486
61b1eeb82dde1bd4a71303c8,0.17,0.467,0.753,4Cbrtoamv6acNiHNAUKnj0,0,9,0.245,-5.319,0,0.0454,89.02,audio_features,0.44
61b1eeb82dde1bd4a71303c9,0.248,0.538,0.607,0HBrtXJohbIW4IhPZ50GmH,0.00000554,9,0.0999,-5.261,0,0.216,175.424,audio_features,0.515
61b1eeb82dde1bd4a71303ca,0.00682,0.676,0.835,611nlMA40SKg9gQ4pTVXT3,0.0000304,8,0.081,-4.382,0,0.044,104.987,audio_features,0.8
61b1eeb82dde1bd4a71303cb,0.033,0.447,0.848,1wgqttlPacpvmX5DKVboOa,0.0000745,2,0.65,-6.175,1,0.222,172.247,audio_features,0.485
61b1eeb82dde1bd4a71303cc,0.672,0.512,0.525,45i70K1PefHafKui2WxH0M,0.0000166,5,0.112,-7.152,1,0.0429,128.054,audio_features,0.337
61b1eeb82dde1bd4a71303cd,0.000724,0.604,0.972,3Z3MKGF5pdbiAbBhj0fqtD,0.000548,11,0.113,-2.608,1,0.179,137.186,audio_features,0.408
61b1eeb82dde1bd4a71303ce,0.0867,0.55,0.884,4ZlQzskKkK4jsbcqO96luB,0.0000155,9,0.68,-5.508,1,0.0363,145.029,audio_features,0.549
61b1eeb82dde1bd4a71303cf,0.146,0.748,0.85,6ZJKiScaIdJ70XVKq5K73m,0.00503,10,0.112,-3.818,0,0.062,125.092,audio_features,0.534
61b1eeb82dde1bd4a71303d0,0.371,0.63,0.821,24BexGKYvuQPv2W1ObGYmw,0,6,0.111,-9.252,0,0.177,84.95,audio_features,0.927
61b1eeb82dde1bd4a71303d1,0.167,0.42,0.558,4zV3Og5KgrNyZEhzrZzwuk,0,9,0.19,-5.728,1,0.0509,165.987,audio_features,0.538
61b1eeb82dde1bd4a71303d2,0.593,0.574,0.569,6zLq4lYSu2W7LLxJlUWzz8,0.000164,11,0.108,-9.289,0,0.0991,110.994,audio_features,0.0604
61b1eeb82dde1bd4a71303d3,0.591,0.864,0.495,4wCmqSrbyCgxEXROQE6vtV,0.000133,0,0.0992,-7.036,1,0.037,129.062,audio_features,0.72
61b1eeb82dde1bd4a71303d4,0.0406,0.645,0.791,5abubE0dYFaEPDeM2sZ4TY,0,7,0.293,-5.48,1,0.0927,153.952,audio_features,0.601
61b1eeb82dde1bd4a71303d5,0.00359,0.393,0.858,04aAxqtGp5pv12UXAg4pkq,0,4,0.102,-2.868,0,0.0729,176.042,audio_features,0.56
61b1eeb82dde1bd4a71303d6,0.058,0.776,0.9,0VVNXqaDwfHngG2gXaOtlI,0,0,0.256,-3.97,1,0.0382,127.051,audio_features,0.963
61b1eeb82dde1bd4a71303d7,0.414,0.86,0.717,3IBGU1NgiTjDsIJn2Jtdg4,0,1,0.0843,-5.542,0,0.48,158.019,audio_features,0.812
61b1eeb82dde1bd4a71303d8,0.00817,0.726,0.463,7i6r9KotUPQg3ozKKgEPIN,0.447,0,0.255,-7.828,1,0.0799,123.881,audio_features,0.321
61b1eeb82dde1bd4a71303d9,0.0273,0.56,0.734,1XsS266JiQtoqqLdlgD17V,0.0000212,10,0.253,-7.094,1,0.0317,132.953,audio_features,0.332
61b1eeb82dde1bd4a71303da,0.0468,0.451,0.564,7B6pRqC2mUbOnLrudzACs8,0.00000542,4,0.117,-11.112,1,0.0417,83.314,audio_features,0.166
61b1eeb82dde1bd4a71303db,0.0187,0.39,0.629,0LSzBkkQZZkwV656r6etLg,0.0000412,1,0.0658,-4.876,0,0.0469,141.983,audio_features,0.162
61b1eeb82dde1bd4a71303dc,0.838,0.693,0.234,4YTFAawmOFyRjJdT6H95oE,0,1,0.59,-10.995,1,0.0987,100.488,audio_features,0.44
61b1eeb82dde1bd4a71303dd,0.741,0.466,0.439,53Mz9H5UvWMQUXHZnaZYKQ,0.0000164,5,0.0707,-8.892,0,0.0325,107.173,audio_features,0.289
61b1eeb82dde1bd4a71303de,0.235,0.834,0.663,0AUvWawuP0ibk4SQ3sIZjk,0,8,0.372,-6.143,1,0.133,121.876,audio_features,0.774
61b1eeb82dde1bd4a71303df,0.0438,0.636,0.849,3Pzh926pXggbMe2ZpXyMV7,0,0,0.372,-7.075,1,0.106,156.036,audio_features,0.917
61b1eeb82dde1bd4a71303e0,0.00272,0.235,0.86,1PInWkBARsxLyouDqa2GtF,0.0969,4,0.388,-2.842,0,0.0561,127.788,audio_features,0.342
61b1eeb82dde1bd4a71303e1,0.0633,0.516,0.755,0zMAvsQmaQ4DGsmXtKixpn,0.00103,5,0.107,-3.724,1,0.0383,140.099,audio_features,0.165
61b1eeb82dde1bd4a71303e2,0.095,0.651,0.286,6UYJYgY8VRo6mKrhgTe1CF,0.0234,5,0.101,-13.399,0,0.0365,83.007,audio_features,0.165
61b1eeb82dde1bd4a71303e3,0.862,0.478,0.33,1baoZlq32nBee9tcYbQYxV,0.00113,11,0.176,-12.4,0,0.0339,79.484,audio_features,0.413
61b1eeb82dde1bd4a71303e4,0.0901,0.453,0.796,22FniXvTKV9IC6IhxCpYve,0,9,0.0319,-5.113,0,0.0605,104.784,audio_features,0.11
61b1eeb82dde1bd4a71303e5,0.0107,0.416,0.704,5R4OMPuKD1yshMdbk8ibnS,0.0571,4,0.172,-6.84,1,0.0343,89.946,audio_features,0.38
61b1eeb82dde1bd4a71303e6,0.0332,0.726,0.63,5PyNnJ2G1BlqbJ8G1cJi72,0.0961,6,0.159,-5.395,0,0.0363,122.043,audio_features,0.652
61b1eeb82dde1bd4a71303e7,0.0647,0.395,0.921,6BFVrGUZUO1EXxKIdGrlYB,0.0000347,4,0.307,-6.041,1,0.0622,148.513,audio_features,0.811
61b1eeb82dde1bd4a71303e8,0.531,0.729,0.581,2qLSXZuIHMsKydCEFDchc3,0.00000109,10,0.102,-7.091,0,0.0304,93.997,audio_features,0.352
61b1eeb82dde1bd4a71303e9,0.118,0.77,0.655,4q604hQba5940BbOoaenmz,0.0234,2,0.125,-5.369,1,0.0316,129.964,audio_features,0.639
61b1eeb82dde1bd4a71303ea,0.0758,0.474,0.537,5LtNBCM2ve0SxP0dlRVvMu,0,2,0.316,-6.77,1,0.0649,90.103,audio_features,0.335
61b1eeb82dde1bd4a71303eb,0.247,0.55,0.803,08Yx5cbiEKhnoN7o65je6K,0.00000448,2,0.0878,-6.452,0,0.0351,93.169,audio_features,0.775
61b1eeb82dde1bd4a71303ec,0.514,0.547,0.287,0RjG5JmdOWXAR68dGlKBA5,0.774,6,0.119,-12.28,1,0.149,120.792,audio_features,0.177
61b1eeb82dde1bd4a71303ed,0.475,0.624,0.596,3koAwrM1RO0TGMeQJ3qt9J,0.203,4,0.119,-9.804,1,0.0314,120.969,audio_features,0.896
61b1eeb82dde1bd4a71303ee,0.639,0.462,0.704,19Atssu8qmXPrB9jnxeqZZ,0,4,0.655,-6.011,1,0.619,169.396,audio_features,0.547
61b1eeb82dde1bd4a71303ef,0.0000129,0.402,0.97,2UDumaw7osnyjH7RZ2DLpB,0.00000262,2,0.189,-4.538,0,0.0668,75.106,audio_features,0.476
61b1eeb82dde1bd4a71303f0,0.19,0.754,0.565,2zf1ffpluA8qUcRnbfVdcW,0.0000536,7,0.14,-8.219,1,0.274,134.976,audio_features,0.146
61b1eeb82dde1bd4a71303f1,0.00126,0.412,0.927,5XLVfQhBz6vkJDd9NhgbXQ,0,1,0.0849,-3.858,0,0.145,170.003,audio_features,0.437
61b1eeb82dde1bd4a71303f2,0.0176,0.58,0.793,3EFxAAAR0rGkWgKoPRSoIa,0,9,0.271,-6.775,1,0.0295,101.499,audio_features,0.496
61b1eeb82dde1bd4a71303f3,0.000142,0.304,0.939,0qfGWpvJGlp17wdTm19ioK,0.00601,1,0.136,-5.836,1,0.0549,96.954,audio_features,0.402
61b1eeb82dde1bd4a71303f4,0.00131,0.524,0.92,1US5HsLPV7riBx9RSCf4yO,0,9,0.127,-5.203,1,0.128,157.948,audio_features,0.598
61b1eeb82dde1bd4a71303f5,0.428,0.513,0.488,5dY6DqLGqjHvuFBXTlWsLm,0.0000501,5,0.109,-10.31,1,0.0328,170.019,audio_features,0.141
61b1eeb82dde1bd4a71303f6,0.276,0.595,0.696,4O9dZs2B0ilk4PEfX2bPEv,0,10,0.411,-5.921,0,0.0417,88.013,audio_features,0.533
61b1eeb82dde1bd4a71303f7,0.216,0.518,0.492,1hz7SRTGUNAtIQ46qiNv2p,0.0012,10,0.146,-8.436,0,0.193,78.848,audio_features,0.471
61b1eeb82dde1bd4a71303f8,0.255,0.69,0.795,1zyGFId8xHOcRmCmehrwlc,0,3,0.202,-4.956,1,0.0312,96.99,audio_features,0.872
61b1eeb82dde1bd4a71303f9,0.368,0.901,0.464,5gub2bpJRgJP4m4MliqtdV,0.0000171,5,0.238,-9.789,0,0.0645,109.004,audio_features,0.638
61b1eeb82dde1bd4a71303fa,0.085,0.457,0.965,68Y3zzmt2XxzheQVGbbJt4,0,1,0.697,0.457,1,0.486,170.122,audio_features,0.604
61b1eeb82dde1bd4a71303fb,0.00652,0.613,0.661,6RKGBcDtgzXx21zUjpeu6F,0,9,0.0976,-4.984,1,0.0263,110.978,audio_features,0.509
61b1eeb82dde1bd4a71303fc,0.267,0.513,0.546,7LBfVMw4MNNGCLGmXeuDv6,0.00333,10,0.235,-10.384,1,0.0331,148.031,audio_features,0.584
61b1eeb82dde1bd4a71303fd,0.571,0.665,0.494,0fiPpwBPIaxxydn4KzX9Tc,0,2,0.12,-5.405,1,0.0269,120.003,audio_features,0.489
61b1eeb82dde1bd4a71303fe,0.533,0.211,0.361,4mrjzz6ETpW3wosJUYmKoL,0.0284,9,0.08,-10.247,0,0.0346,179.895,audio_features,0.0537
61b1eeb82dde1bd4a71303ff,0.0867,0.55,0.884,4ZlQzskKkK4jsbcqO96luB,0.0000155,9,0.68,-5.508,1,0.0363,145.029,audio_features,0.549
61b1eeb82dde1bd4a7130400,0.00329,0.488,0.68,7BxJz17EyAHjZlHEEqrtm6,0.398,2,0.144,-8.143,0,0.0328,139.984,audio_features,0.64
61b1eeb82dde1bd4a7130401,0.114,0.564,0.647,1gOVlit7zHwuKv8HVta06I,0,10,0.17,-6.759,0,0.0407,95.923,audio_features,0.458
61b1eeb82dde1bd4a7130402,0.0869,0.676,0.703,1foMv2HQwfQ2vntFf9HFeG,0.000687,8,0.0463,-5.815,0,0.0302,92.761,audio_features,0.852
61b1eeb82dde1bd4a7130403,0.0633,0.516,0.755,0zMAvsQmaQ4DGsmXtKixpn,0.00103,5,0.107,-3.724,1,0.0383,140.099,audio_features,0.165
61b1eeb82dde1bd4a7130404,0.224,0.524,0.709,7ui9Qq4JcPGcd3xWOeXhHp,0.193,7,0.0849,-5.874,1,0.0632,108.68,audio_features,0.584
61b1eeb82dde1bd4a7130405,0.312,0.591,0.45,25z6kpmIwkCUqk2IORrJ5v,0.000116,5,0.147,-13.291,0,0.26,144.201,audio_features,0.304
61b1eeb82dde1bd4a7130406,0.0104,0.425,0.754,40gk32E7YaTFoQwDIWv2SY,0.112,2,0.438,-6.028,1,0.0367,152.092,audio_features,0.558
61b1eeb82dde1bd4a7130407,0.00802,0.629,0.85,0mFSV2Bawz8i9wnlc9eYme,0.0284,1,0.155,-3.653,1,0.0261,104.033,audio_features,0.526
61b1eeb82dde1bd4a7130408,0.871,0.507,0.399,3D1PuFi2U8lmtdWRZcCz1f,0.000377,9,0.113,-10.917,0,0.0358,115.588,audio_features,0.225
61b1eeb82dde1bd4a7130409,0.331,0.519,0.413,6Dqs6JddZc16yl27MDzIWY,0.0666,8,0.106,-14.462,1,0.21,159.398,audio_features,0.404
61b1eeb82dde1bd4a713040a,0.583,0.349,0.525,7Ms58r8G6Y0r1XLtpwoGxN,0,8,0.35,-6.829,0,0.0451,136.762,audio_features,0.288
61b1eeb82dde1bd4a713040b,0.115,0.395,0.768,4BreyjJu4w5EUhTKPIQymq,0.0204,2,0.286,-2.81,1,0.0311,142.016,audio_features,0.251
61b1eeb82dde1bd4a713040c,0.000719,0.506,0.932,1CmhkiXegdbj3Ewizvdg2Q,0.0594,5,0.174,-6.11,0,0.11,99.929,audio_features,0.549
61b1eeb82dde1bd4a713040d,0.00892,0.464,0.701,7brQHA2CgQpcMBiOlfiXYb,0.309,6,0.335,-5.693,0,0.0411,83.996,audio_features,0.356
61b1eeb82dde1bd4a713040e,0.837,0.356,0.342,3UChNf9rb9hJZvOcU9HCTb,0,7,0.136,-9.469,0,0.0383,113.52,audio_features,0.116
61b1eeb82dde1bd4a713040f,0.741,0.466,0.439,53Mz9H5UvWMQUXHZnaZYKQ,0.0000164,5,0.0707,-8.892,0,0.0325,107.173,audio_features,0.289
61b1eeb82dde1bd4a7130410,0.285,0.689,0.377,0SK9wxN40P6jlcMfTSAe0V,0,1,0.268,-8.761,1,0.0397,143.946,audio_features,0.294
61b1eeb82dde1bd4a7130411,0.7,0.538,0.692,2L3VnHkRi6ElZL2bqu1nBs,0,9,0.344,-5.622,0,0.0722,139.762,audio_features,0.57
61b1eeb82dde1bd4a7130412,0.736,0.487,0.369,1gk3FhAV07q9Jg77UxnVjX,0.0000375,11,0.0925,-13.424,0,0.0406,183.114,audio_features,0.106
61b1eeb82dde1bd4a7130413,0.971,0.329,0.277,4k7x3QKrc3h3U0Viqk0uop,0.024,10,0.0971,-13.111,0,0.0302,159.719,audio_features,0.121
61b1eeb82dde1bd4a7130414,0.92,0.587,0.229,6Kkt27YmFyIFrcX3QXFi2o,0,10,0.1,-11.254,0,0.128,75.67,audio_features,0.379
61b1eeb82dde1bd4a7130415,0.593,0.574,0.569,6zLq4lYSu2W7LLxJlUWzz8,0.000164,11,0.108,-9.289,0,0.0991,110.994,audio_features,0.0604
61b1eeb82dde1bd4a7130416,0.471,0.316,0.63,6N22FZs2ZhPBYi3b9XPajV,0.262,5,0.205,-5.963,1,0.117,89.643,audio_features,0.313
61b1eeb82dde1bd4a7130417,0.23,0.547,0.936,22OqansuvEMQu9W0EfiGTI,0.00000304,9,0.172,-4.023,1,0.102,120.003,audio_features,0.642
61b1eeb82dde1bd4a7130418,0.591,0.864,0.495,4wCmqSrbyCgxEXROQE6vtV,0.000133,0,0.0992,-7.036,1,0.037,129.062,audio_features,0.72
61b1eeb82dde1bd4a7130419,0.435,0.223,0.523,22TntnVO3lQNDR5nsvxGRs,0.283,0,0.225,-9.281,0,0.0466,179.83,audio_features,0.15
61b1eeb82dde1bd4a713041a,0.939,0.44,0.22,4N2ibi4kcH4D5ZYYvMiKsg,0.000031,0,0.0969,-10.638,1,0.0427,125.53,audio_features,0.122
61b1eeb82dde1bd4a713041b,0.825,0.695,0.232,3JPnVN4wYlmQnuD7OgDx88,0,1,0.59,-11.01,1,0.0972,100.488,audio_features,0.451
61b1eeb82dde1bd4a713041c,0.747,0.594,0.335,6e0vjU61OuUzcqVKPEXHb4,0.0111,4,0.0976,-13.415,0,0.0513,87.49,audio_features,0.343
61b1eeb82dde1bd4a713041d,0.979,0.339,0.23,7qLs0IyUn6TrqgMzQ33SdH,0.000951,0,0.353,-10.803,1,0.0317,66.352,audio_features,0.113
61b1eeb82dde1bd4a713041e,0.00216,0.518,0.872,2p975L9RyQFC95S1cJimnk,0.00552,2,0.152,-4.413,1,0.039,127.914,audio_features,0.578
61b1eeb82dde1bd4a713041f,0.21,0.651,0.309,0pEC10owcK34KgGYGddAqU,0,11,0.0994,-12.794,0,0.032,120.134,audio_features,0.65
61b1eeb82dde1bd4a7130420,0.132,0.698,0.542,4rCKRVJZKVysScn2piDuOT,0.00117,2,0.199,-4.317,1,0.131,140.096,audio_features,0.664
61b1eeb82dde1bd4a7130421,0.35,0.445,0.157,0nO25NiPrKX64oy7lz5ZaJ,0.761,7,0.153,-18.2,1,0.0385,118.511,audio_features,0.121
61b1eeb82dde1bd4a7130422,0.0867,0.55,0.884,4ZlQzskKkK4jsbcqO96luB,0.0000155,9,0.68,-5.508,1,0.0363,145.029,audio_features,0.549
61b1eeb82dde1bd4a7130423,0.171,0.539,0.548,6lgA1MVkKnb8X77GC4vjJl,0,11,0.126,-5.41,1,0.0288,75.001,audio_features,0.373
61b1eeb82dde1bd4a7130424,0.967,0.137,0.593,3XB7Bj814J1AwcENHCkTcv,0.907,4,0.166,-11.807,1,0.0427,82.74,audio_features,0.266
61b1eeb82dde1bd4a7130425,0.797,0.225,0.106,18Zr5WWu7X9LVool3pJRum,0.000767,0,0.108,-13.166,1,0.0328,81.392,audio_features,0.0535
61b1eeb82dde1bd4a7130426,0.157,0.545,0.434,3GaamyFHQYbQi1ykc4nV4o,0.0000263,10,0.0828,-8.326,1,0.0292,139.828,audio_features,0.234
61b1eeb82dde1bd4a7130427,0.0217,0.581,0.533,5poS8LyxohSACjuIZ61EyS,0.00539,4,0.259,-8.433,0,0.0274,87.017,audio_features,0.466
61b1eeb82dde1bd4a7130428,0.989,0.35,0.1,4mlqHOqOXja92BT4M51lkj,0.545,4,0.11,-18.491,1,0.0328,108.74,audio_features,0.135
61b1eeb82dde1bd4a7130429,0.0366,0.435,0.404,0qZngsBTYM37fevbe03IlX,0.351,4,0.117,-13.252,1,0.0266,154.959,audio_features,0.366
61b1eeb82dde1bd4a713042a,0.785,0.464,0.19,0Ii6Ec7qLQqniKG4Bgfl8J,0.00296,2,0.109,-14.978,1,0.0367,132.034,audio_features,0.104
61b1eeb82dde1bd4a713042b,0.834,0.519,0.637,7fwE3Nr0RsTzYOocfu2XbV,0.517,9,0.114,-7.215,0,0.113,110.174,audio_features,0.114
61b1eeb82dde1bd4a713042c,0.88,0.594,0.219,6kozKuGHR5f6pGZ99EGdqI,0.00197,9,0.0799,-15.205,0,0.0369,92.16,audio_features,0.0488
61b1eeb82dde1bd4a713042d,0.0488,0.599,0.742,49UDOG8DoBajXTJSTqfRMg,0.32,11,0.0916,-6.886,1,0.0419,131.014,audio_features,0.493
61b1eeb82dde1bd4a713042e,0.139,0.823,0.338,703BT1NQsfIwPFv8MXQ47m,0.00129,0,0.5,-15.899,1,0.0413,120.473,audio_features,0.785
61b1eeb82dde1bd4a713042f,0.674,0.791,0.267,01TyFEZu6mHbffsVfxgrFn,0.534,5,0.102,-11.997,1,0.0415,165.99,audio_features,0.544
61b1eeb82dde1bd4a7130430,0.0796,0.537,0.568,1VqYfdsorchSvhXW6gtBzo,0.332,1,0.0701,-4.829,1,0.0285,120.064,audio_features,0.193
61b1eeb82dde1bd4a7130431,0.172,0.526,0.877,1XrSjpNe49IiygZfzb74pk,0.0108,3,0.223,-4.369,0,0.033,145.568,audio_features,0.436
61b1eeb82dde1bd4a7130432,0.0884,0.682,0.9,1lpLrlyweOShEKXT1bpcDd,0.063,9,0.0685,-5.028,1,0.0874,100.721,audio_features,0.937
61b1eeb82dde1bd4a7130433,0.534,0.511,0.472,0TEekvXTomKt3hdXDZxxeW,0.614,4,0.11,-9.277,1,0.091,127.978,audio_features,0.0399
61b1eeb82dde1bd4a7130434,0.765,0.7,0.354,7M3HuQRRAm1QD4kftmq0bb,0.00158,6,0.128,-14.043,0,0.0345,119.965,audio_features,0.245
61b1eeb82dde1bd4a7130435,0.914,0.245,0.425,7MBSbBrx0TvBYyKEcpGcJb,0.646,9,0.116,-8.379,1,0.0324,203.816,audio_features,0.254
61b1eeb82dde1bd4a7130436,0.233,0.508,0.788,0hNhlwnzMLzZSlKGDCuHOo,0.13,0,0.144,-7.288,0,0.0296,147.06,audio_features,0.586
61b1eeb82dde1bd4a7130437,0.871,0.38,0.24,6sALLrBPX30ptG1HWH6vmW,0.00287,1,0.107,-12.544,1,0.0514,103.818,audio_features,0.172
61b1eeb82dde1bd4a7130438,0.755,0.924,0.386,5MeUMSRreLHYLhw8ZTyqpk,0.00253,9,0.118,-8.183,1,0.0548,108.957,audio_features,0.424
61b1eeb82dde1bd4a7130439,0.00181,0.174,0.742,2enPRFda84VE2wtI8c86Uf,0.281,8,0.198,-5.93,1,0.0485,163.378,audio_features,0.36
61b1eeb82dde1bd4a713043a,0.0196,0.583,0.717,5F3DM6Iz4axGiLUhxvQLs1,0.745,0,0.0766,-5.212,0,0.0266,139.995,audio_features,0.673
61b1eeb82dde1bd4a713043b,0.392,0.543,0.925,1bqrRn1pJWowNLA5N9L6uW,0.456,6,0.0668,-6.783,0,0.0448,80.499,audio_features,0.594
61b1eeb82dde1bd4a713043c,0.391,0.452,0.79,6Fqf0OTfB9VPfYk2HfBhPn,0,4,0.303,-5.01,1,0.0534,143.861,audio_features,0.362
61b1eeb82dde1bd4a713043d,0.162,0.578,0.537,3afkJSKX0EAMsJXTZnDXXJ,0,9,0.076,-8.676,1,0.0832,83.909,audio_features,0.25
61b1eeb82dde1bd4a713043e,0.979,0.509,0.0167,3zksbXteOCeSusJ5Xltr3t,0.0000272,9,0.387,-24.639,1,0.115,207.97,audio_features,0.229
61b1eeb82dde1bd4a713043f,0.821,0.621,0.177,7KVA9XflawdJaRBd1XYkJu,0,7,0.0709,-13.087,1,0.0433,129.88,audio_features,0.0787
61b1eeb82dde1bd4a7130440,0.145,0.611,0.629,4nz6Mx9m84P6Cn4cJp2BJR,0.000299,10,0.0961,-8.19,1,0.0383,158.017,audio_features,0.542
61b1eeb82dde1bd4a7130441,0.944,0.479,0.0436,0ZP3E9L1I0C6rmD0CAKqDc,0.0000942,0,0.126,-22.849,1,0.0639,79.141,audio_features,0.133
61b1eeb82dde1bd4a7130442,0.736,0.676,0.417,4AlRhBbEGUinEOSJAuw1PK,0.357,0,0.0899,-11.388,1,0.0293,89.004,audio_features,0.553
61b1eeb82dde1bd4a7130443,0.00000753,0.559,0.871,1H7zdcRD0gLGQY0w5ejGgX,0.00524,5,0.096,-5.338,0,0.0392,104.976,audio_features,0.573
61b1eeb82dde1bd4a7130444,0.41,0.518,0.496,190IqlryWu91WBKeDgZqZz,0.1,10,0.0999,-11.607,1,0.0292,143.921,audio_features,0.281
61b1eeb82dde1bd4a7130445,0.0134,0.472,0.928,5gxSuOJNcu4s05gXNSYahM,0.00208,8,0.314,-5.276,1,0.206,181.088,audio_features,0.563
61b1eeb82dde1bd4a7130446,0.979,0.641,0.24,5VnaOLeK1lKfULuNwet8ck,0.866,8,0.234,-19.107,1,0.047,99.02,audio_features,0.32
61b1eeb82dde1bd4a7130447,0.249,0.615,0.617,3My7lwGD0D1SvJ2JzSipUN,0.928,2,0.106,-9.315,1,0.036,91.948,audio_features,0.188
61b1eeb82dde1bd4a7130448,0.695,0.484,0.632,5jSBnH9NyaNP5zdSB3pwgu,0.0243,5,0.209,-6.917,1,0.0976,126.384,audio_features,0.0736
61b1eeb82dde1bd4a7130449,0.576,0.282,0.593,6WW4E1j4S1HflyvOdAFp7u,0.074,0,0.138,-11.969,1,0.0594,135.222,audio_features,0.35
61b1eeb82dde1bd4a713044a,0.00283,0.526,0.447,3xbDgbZr6lIoggCsoi3rZ3,0.0301,2,0.109,-9.268,1,0.0274,74.995,audio_features,0.183
61b1eeb82dde1bd4a713044b,0.0361,0.155,0.862,1cHWcR8wg93s6BkQMbWAMY,0.000614,0,0.263,-5.317,1,0.0683,77.239,audio_features,0.219
61b1eeb82dde1bd4a713044c,0.106,0.621,0.762,5Po5YmT4RhawSeqNXx5m0o,0.00000271,5,0.302,-6.376,1,0.0328,95.014,audio_features,0.395
61b1eeb92dde1bd4a713044d,0.0000416,0.346,0.944,0HUTL8i4y4MiGCPId7M7wb,0.565,9,0.0546,-9.874,1,0.0485,179.63,audio_features,0.403
61b1eeb92dde1bd4a713044e,0.00392,0.498,0.81,3OP8UeYimRl9HCNxMg7Ihl,0.00717,7,0.0635,-4.065,1,0.0263,79.935,audio_features,0.594
61b1eeb92dde1bd4a713044f,0.979,0.339,0.23,7qLs0IyUn6TrqgMzQ33SdH,0.000951,0,0.353,-10.803,1,0.0317,66.352,audio_features,0.113
61b1eeb92dde1bd4a7130450,0.934,0.447,0.449,1BncfTJAWxrsxyT9culBrj,0.961,2,0.0697,-10.634,1,0.0376,92.468,audio_features,0.036
61b1eeb92dde1bd4a7130451,0.919,0.341,0.426,3RznzRnsl8mzP63l4AF2M7,0.0673,0,0.106,-11.194,1,0.0416,169.986,audio_features,0.187
61b1eeb92dde1bd4a7130452,0.358,0.523,0.685,6s3dCTZCtmSxWx23QdJzpG,0.816,9,0.274,-12.989,1,0.0417,184.481,audio_features,0.945
61b1eeb92dde1bd4a7130453,0.737,0.568,0.293,4kPmbjbr2oUHJmaDXEDno4,0.776,6,0.356,-23.021,0,0.0825,166.483,audio_features,0.564
61b1eeb92dde1bd4a7130454,0.0944,0.573,0.473,36rqjSUBaArtMBLWrzwInc,0.397,8,0.199,-10.839,0,0.0268,77.494,audio_features,0.515
61b1eeb92dde1bd4a7130455,0.0157,0.518,0.436,6mcxQ1Y3uQRU0IHsvdNLH1,0.000621,4,0.079,-14.134,1,0.0349,80.88,audio_features,0.27
61b1eeb92dde1bd4a7130456,0.887,0.62,0.594,6TEiFwaiHERpdfG6WnGed1,0.5,9,0.0917,-16.066,1,0.0383,165.861,audio_features,0.698
61b1eeb92dde1bd4a7130457,0.508,0.827,0.66,6ixkZ2Q9gQeh52C6GxbETg,0.403,6,0.0756,-9.669,1,0.0337,113.449,audio_features,0.904
61b1eeb92dde1bd4a7130458,0.0447,0.247,0.438,0I1eFRytp4XRhLCjT6tZm7,0.000867,5,0.111,-8.478,1,0.0358,185.711,audio_features,0.39
61b1eeb92dde1bd4a7130459,0.17,0.522,0.458,7yR5ZDif2glYMnFP73uRMm,0.00244,11,0.072,-7.785,1,0.0275,125.973,audio_features,0.359
61b1eeb92dde1bd4a713045a,0.289,0.561,0.485,2HLnzsXJ3mD9UWAa3RY89n,0.00164,1,0.194,-8.343,0,0.0362,118.017,audio_features,0.0663
61b1eeb92dde1bd4a713045b,0.263,0.537,0.558,1MJ5f5EYBC92ADD6xcz7nb,0.91,11,0.102,-8.678,1,0.0929,131.037,audio_features,0.505
61b1eeb92dde1bd4a713045c,0.245,0.639,0.526,0MF5QHFzTUM2dYm6J7Vngt,0.0000243,0,0.25,-6.697,1,0.0256,130.033,audio_features,0.488
61b1eeb92dde1bd4a713045d,0.0973,0.687,0.646,1rRwwqteLePmi70PGaC8ah,0.000593,4,0.161,-3.841,1,0.039,139.978,audio_features,0.323
61b1eeb92dde1bd4a713045e,0.221,0.437,0.229,3rTnGUeDrnZV22DvRuUuXr,0.0599,2,0.0935,-10.514,1,0.0308,147.911,audio_features,0.0754
61b1eeb92dde1bd4a713045f,0.0946,0.645,0.938,3td69vL9Py7Ai9wfXYnvji,0.0226,11,0.159,-4.557,0,0.0391,140.886,audio_features,0.495
61b1eeb92dde1bd4a7130460,0.174,0.188,0.411,0NlGoUyOJSuSHmngoibVAs,0.153,0,0.0843,-9.733,1,0.0484,187.376,audio_features,0.159
61b1eeb92dde1bd4a7130461,0.000427,0.472,0.627,7yyJF1BYBaCifNmO1RGhv7,0.574,0,0.0798,-6.895,1,0.0289,157.909,audio_features,0.172
61b1eeb92dde1bd4a7130462,0.672,0.416,0.389,4BWJGWmzbjsnA94Weyi5j4,0.38,9,0.205,-13.696,1,0.0385,168.897,audio_features,0.295
61b1eeb92dde1bd4a7130463,0.00498,0.474,0.91,5KbTBSGUvgDg75gIVhUaAW,0.859,9,0.476,-10.431,0,0.0462,93.01,audio_features,0.745
61b1eeb92dde1bd4a7130464,0.159,0.477,0.629,45BBlVHECwB0uNt7BsJ97r,0.44,5,0.374,-7.408,0,0.0315,132.535,audio_features,0.357
61b1eeb92dde1bd4a7130465,0.986,0.356,0.162,4sXwt3StCVkgLyxxvgVXrq,0.0337,1,0.11,-16.848,1,0.0372,83.283,audio_features,0.205
61b1eeb92dde1bd4a7130466,0.979,0.603,0.155,0aVM2DspPoHNTDBm7ehySx,0.0000237,4,0.117,-12.669,1,0.046,118.449,audio_features,0.115
61b1eeb92dde1bd4a7130467,0.0597,0.792,0.576,3BIIJgBJJ7NhhCv4MI6n7w,0,1,0.186,-7.046,1,0.132,130.135,audio_features,0.52
61b1eeb92dde1bd4a7130468,0.69,0.352,0.619,5LxdOkc6kmpxFk2bvJZqaI,0.826,7,0.111,-7.995,0,0.0341,126.022,audio_features,0.0787
61b1eeb92dde1bd4a7130469,0.618,0.587,0.724,65j65yDSE06CNKAPjsHoJt,0.000166,6,0.157,-6.775,1,0.0321,106.994,audio_features,0.837
61b1eeb92dde1bd4a713046a,0.508,0.827,0.66,6ixkZ2Q9gQeh52C6GxbETg,0.403,6,0.0756,-9.669,1,0.0337,113.449,audio_features,0.904
61b1eeb92dde1bd4a713046b,0.772,0.44,0.227,2CCEFV57TqSizTMyKLKgX5,0.00144,7,0.0951,-15.486,1,0.0459,132.354,audio_features,0.0844
61b1eeb92dde1bd4a713046c,0.365,0.331,0.45,4JE6agBLHGA5TaF6FlqfBD,0.00464,10,0.22,-5.362,1,0.034,123.829,audio_features,0.18
61b1eeb92dde1bd4a713046d,0.964,0.577,0.387,0baNzeUcPQnQSagpe8T0mD,0.705,7,0.208,-8.607,1,0.274,146.565,audio_features,0.459
61b1eeb92dde1bd4a713046e,0.956,0.595,0.367,39xA1yNSzJRSuyQTR8HpE2,0.861,4,0.118,-19.587,1,0.03,155.234,audio_features,0.574
61b1eeb92dde1bd4a713046f,0.638,0.627,0.371,33zkyZqgYHCbDODhvsSsj4,0.0672,2,0.0759,-10.621,1,0.0269,143.932,audio_features,0.361
61b1eeb92dde1bd4a7130470,0.299,0.551,0.695,0riQ5biFBQYCclYUACchr0,0.82,0,0.108,-9.444,1,0.0336,100.233,audio_features,0.15
61b1eeb92dde1bd4a7130471,0.88,0.594,0.219,0xfaRGaSc5kQhQKPigYPYD,0.00197,9,0.0799,-15.205,0,0.0369,92.16,audio_features,0.0488
61b1eeb92dde1bd4a7130472,0.0894,0.614,0.858,3lsh4fIbGeHZDFovC0InnY,0.716,8,0.16,-2.678,1,0.0305,116.781,audio_features,0.2
61b1eeb92dde1bd4a7130473,0.73,0.579,0.411,0IvaKmBYBLVcdP0Ft8Dwik,0.8,6,0.0945,-13.068,1,0.0329,79.988,audio_features,0.125
61b1eeb92dde1bd4a7130474,0.965,0.368,0.143,6RDVwKLpBBEksWdp9jwBlD,0.946,11,0.107,-22.593,1,0.0317,110.906,audio_features,0.24
61b1eeb92dde1bd4a7130475,0.0102,0.705,0.712,2Y0iGXY6m6immVb2ktbseM,0.000855,6,0.1,-6.156,1,0.0385,97.512,audio_features,0.62
61b1eeb92dde1bd4a7130476,0.11,0.194,0.376,1Fwj0wThn3kTg8D7KgWdsU,0.386,4,0.593,-11.356,1,0.0463,48.637,audio_features,0.0723
61b1eeb92dde1bd4a7130477,0.239,0.553,0.799,1NqZLnMekPpw6lYTartrng,0.00000146,4,0.343,-4.46,1,0.0362,78,audio_features,0.505
61b1eeb92dde1bd4a7130478,0.35,0.445,0.157,0nO25NiPrKX64oy7lz5ZaJ,0.761,7,0.153,-18.2,1,0.0385,118.511,audio_features,0.121
61b1eeb92dde1bd4a7130479,0.918,0.514,0.424,6S7o12almFeL57rbRvdY5l,0.849,0,0.126,-10.645,1,0.0282,71.114,audio_features,0.416
61b1eeb92dde1bd4a713047a,0.798,0.776,0.432,0GevyB8xMZvEMNtyVCOxLf,0.77,8,0.0989,-10.844,1,0.0389,125.291,audio_features,0.748
61b1eeb92dde1bd4a713047b,0.000668,0.226,0.553,0DFK4iSTBqCS0SF1EEaWcL,0.00567,11,0.105,-11.461,0,0.0398,182.624,audio_features,0.292
61b1eeb92dde1bd4a713047c,0.623,0.607,0.851,4YMc3A256xFBS0xcT77Qce,0.351,4,0.107,-7.754,0,0.0364,168.049,audio_features,0.479